cement,water,superplasticizer,coarse_aggregate,fine_aggregate,age,energy_consumption,resource_consumption
-1.5199295539485536,1.1022257995217009,0.5223883616821074,0.49557903447957663,-0.46615428124837843,-0.6895207613767397,-1.2097198677027272,-0.6895612094339557
1.5565848842552967,-1.3187448665829817,1.1418449589954778,-1.2596508738854282,0.32751056049750293,0.8750289460844399,1.8537188685495603,0.2616674758623378
0.41221607273109323,-1.502668616911844,0.0572285871977199,-1.607394805385121,1.3458471807190093,1.6525627400954506,0.39744073056163454,-0.10951878184704747
-1.5804373123124658,-0.32867962918728394,-0.6981753022665992,-0.00887293231583512,0.6452141437374087,-0.9170916279165476,-1.7157810119017742,-0.6426068989481335
1.4541166489071247,-1.2974821181902547,1.6895029066693665,1.5442148031842473,-0.4072402766152419,0.08801303263427082,1.9751905187786012,1.4194885316437373
0.6072140213574628,-0.7973347456317663,-0.7950892583718542,-0.9099071189805669,0.8759635951857754,1.1310461709417239,0.26493168474093154,0.180616430965472
1.1816995691309224,1.0647367261039216,1.6407983502397538,0.002516820332739893,-0.36760128502847106,0.37247661580903074,1.6971127606615792,0.7202582317100001
0.9361555681490331,-0.3954599346491363,-0.2745907567033649,0.6311178399599516,0.9269249583423377,-0.8412346724032783,0.7706472615214938,1.3678839193515853
-0.46886446815827626,0.5519566393718623,-0.0346961999549311,-0.9748456555004218,0.4046604624961631,0.7517613933753773,-0.4500226557677009,-0.526175103156232
0.16143993537862966,0.46872067208211465,-0.6220922770096059,-0.9824324815139173,0.17598848019222696,-0.18696843110133043,-0.08583452067470884,-0.3392644331377646
0.17959280844635755,0.7894878318860755,0.9770888522539432,-0.7786837260181627,-1.3648707715181776,-0.509360492032725,0.5173367285475063,-0.9579351445897878
-0.8167171173704268,-0.5451515082306445,0.13213156826059946,1.5030468897950138,-1.2541718420219636,-1.0877697778214035,-0.7018702897017838,-0.4013043537973543
-1.602059082991155,-1.4176870707389482,1.37519736537925,-1.622531292294286,-0.8268933702552297,-1.2963764054828941,-0.9848503600610511,-2.4488891387688785
-0.4907795974038028,1.5801449392039095,-1.400915908868936,-0.0287866672821481,-1.1390894312228785,-1.2868942860437356,-0.9756008577275709,-0.8211159473462764
-1.2420791450567292,1.4721783989956012,-0.2956721938791316,-0.9985353787584792,-1.1366055372308934,1.2448316042116279,-1.2668399606331144,-1.7630342100853982
0.9164300333509271,0.7265502666522319,-1.5243961774106036,0.8796284328983109,-1.2625321119855881,1.6430806206562918,0.28348296894421765,0.3250909207516008
-1.3304305240122989,1.6611918243480015,0.3626022210359086,0.21227780578325608,1.1702008788006377,-0.2248969088579651,-1.0888119383635846,0.26265218116895345
1.2423416584741331,0.37539925051935336,-1.333680859317789,0.49256438707127786,1.6577328903663306,-0.3292002226887104,0.6642287208223525,1.9291046849004791
-0.5083686521441707,-0.4762181974558392,-0.9509569236795689,-0.635268960403121,-1.0057364326876637,-0.8127883140858023,-0.8290456221076972,-1.3556526518025254
-0.8069279237815501,0.38545815524593985,-1.6688649316134996,-0.7290444397051514,1.13772622041635,0.05008455487763617,-1.3621713365548282,-0.28051499275489794
1.6630481733555509,1.246223566567752,-0.3627546627694119,-0.4884108118008126,-1.443902800547026,0.9698501404760266,1.3940152551581018,0.01239430236149114
-0.45010275536324157,-1.2885292463437217,1.5155762856448132,-0.8511254832862063,-0.2217542025293926,1.5292951873863878,0.13825688777765707,-0.9636766769116277
-0.7808196436179345,1.4849210854336976,-1.6425644408781317,1.4453428765685392,-0.16527516626354624,-1.46705455538775,-1.320361261716799,0.38341222996379987
-1.045928913124567,-1.6632709123611373,-1.4479815716492972,-0.7895997646633843,-1.0206178330125955,-1.6566969441709234,-1.5106641164050785,-1.9563481418419364
-0.6750504287895863,0.37312265931192157,0.12628291531950975,-1.2011298027268744,-1.2102637331844268,0.8750289460844399,-0.5887431521528997,-1.7154871655933033
0.8278925581457229,1.2529921142585652,1.3900474712706063,-0.8378224089017853,0.9281014870223773,-1.2394836888479421,1.277736598808745,0.7862527519451236
0.43792984957605774,1.561100182622414,-1.4243027910917125,1.307103261827198,-0.32718327944940817,-0.6610744030592637,-0.1151667797013537,0.9454546952297405
0.04410990042697313,1.2327405611516296,0.460161987936589,-0.9619912599694819,1.0126755241461625,0.5052262879572521,0.20946566009007128,0.2498442195122319
-0.23573309522425498,0.8173996800587777,0.06919951982855861,1.235698066669162,1.5068179697457054,1.5482594262647051,-0.17876510760397318,1.547264098487052
1.230827393192398,-1.1158189221654655,0.8194381685530032,-0.816885636998428,-0.23583353735331103,0.08801303263427082,1.4340196480795042,0.011273786652951076
-0.3142279667889677,0.8070338995627099,1.5121390794215137,-0.057461336992360765,0.32754137667490524,-0.4429856559586144,0.2698609966607624,0.169004437612168
-0.4427620807124984,0.8367163169245438,-1.2759171186971743,0.007544482706594619,-1.4848774085601417,-0.0068081617573158195,-0.8863524376402871,-1.0642498759546584
0.7037612631454401,-1.3244872866755923,1.2896650056089198,0.2871776339046251,-0.0780191785577538,0.21128058534333347,1.1280230997919105,0.42457423443422504
1.5728692546451735,-1.4083599901700177,0.47523793026631606,-0.41525901758186196,-0.6331653544625908,0.1449057492692228,1.6235063854032137,0.15316516674297675
1.5706942360798266,-1.3232620237070407,1.616361503204754,-1.35850357082989,1.7388724131309337,-1.5618757497793367,2.0471574220314186,1.0483758060879032
-1.0950068615490087,0.3056136954193742,0.21658618248166012,-0.2515878259906496,-0.7795168903554025,-0.566253208667677,-0.9360430669084578,-1.174657179267267
0.042400378434828113,-0.9487026789131835,-1.5635725465199755,0.4099153092230836,0.2175326180361693,0.7233150350579013,-0.5358047649742509,0.1638665229992286
-0.3457669945615656,-0.42180100831000494,1.6388038161968612,0.3243534877905833,0.8878030178656875,-0.594699566985153,0.29172746749670214,0.529866278181872
1.4047047450498191,-0.5517469271384469,0.5793799892772856,1.614968835248593,0.02041978868296962,1.5198130679472293,1.5214214879718189,1.713080210886536
-1.2814901274864057,1.6754907130010417,0.6339618427231908,-1.031618328936282,0.5227372420253338,0.8939931849627573,-0.9531795479986072,-0.7732425215469207
0.3712506055506402,0.7711432689198588,-0.8703423105240532,0.4697080518964067,-1.186763765310196,-1.5144651525835435,0.019501303191226352,-0.13989612659031692
0.39786296219976486,-0.06291562146059664,0.8174693064533369,0.651539374072289,-1.3467243638494009,-0.964502225112341,0.6682989103326089,-0.12754874693574872
-1.5241479768821646,-1.0657283602134824,0.4274508260994352,1.2648065371951351,0.19683624541735614,1.216385245894152,-1.242062811143811,-0.17305367820394232
1.4803279820644206,-1.6946392783739794,-1.0749297578107608,0.27099813590964794,0.491167734544507,-0.509360492032725,0.9733552308524708,1.00651874320007
0.0891937494041073,0.7090362950943173,-1.4295069121949322,-0.41153621056702666,-0.06023181878385046,0.34403025749155475,-0.4485727216396392,-0.20428474264521962
-1.4153733509629507,-1.209138645949908,1.6560000595536595,0.4292590421776721,0.28875323078991133,0.8276183488886466,-0.6919994491881939,-0.48308666146390017
-1.1892988685861012,-0.17900553397425234,0.3460488004858274,0.31631422092090666,0.6399090268202924,-0.3007538643712344,-0.9664546306045775,-0.15058470146564984
-1.4254259057125815,0.5911099637335828,-0.1761146503886332,-1.3426734008962073,-0.7611026272546617,-1.5998042275359714,-1.3927851763705017,-1.964762932754708
-0.6139712319180345,1.4987983795402489,0.12493105363319752,0.7360483458221163,-0.9606683420475548,-1.5618757497793367,-0.5201206754305707,-0.27590581600943276
-0.08444956696215158,-1.4352328681383117,1.614734681028708,-0.35812944830277643,1.3179347271279243,-0.6990028808158983,0.5216740068017427,0.3988867628053948
-0.545764726833091,-0.306243587632172,-0.13242868304836666,-1.0048764414031401,0.45776135774093846,1.7379018150478784,-0.5573667357339853,-0.680271001976656
0.7001576684968513,-1.19197593959165,1.0243312644970732,-0.9752154490064664,0.2771790801450713,-0.9834664639906583,1.0205759862617312,-0.09350832715241494
1.5652070935555775,0.03900345856158854,1.6948871523079445,1.7118907544291708,-0.571916742379945,0.44833357132230006,2.080466595975329,1.668100534017684
0.6090202331444985,0.16459055248426896,-1.2074900136652327,0.8420629674915439,-0.374295844065136,-0.8127883140858023,0.11978754099882082,0.5748017383711321
0.8925421856428848,0.37709307914301154,0.493640042913777,-0.842918210337944,-1.1309945408380606,-1.0498413000647688,0.9977167852714962,-0.5291535784024862
-0.7203046376416017,-0.9854801072774592,-0.664419477836461,0.32596411031007955,-0.04474666984682658,1.4913667096297532,-0.9095636142940806,-0.4319579898129801
-1.1638693090375727,1.4381996618032522,0.7582766833340755,-0.9763778222674525,-1.644910747443028,-1.1541446138955143,-0.8068350332401476,-1.9392535537514424
-0.670536494722998,1.29836183728161,0.8243264787564123,0.8311474701333477,-0.5800019265418308,-0.8317525529641197,-0.3118044024152939,-0.02324494567932588
1.3846156837028845,0.38546288933785083,1.082074192113562,1.0229682616530593,0.3604324855499185,1.4155097541164838,1.6867647438432207,1.7141925189493594
-1.1447672670959148,0.5196689035117105,0.8845681282283757,1.1959491406849554,-0.7881316891390533,-0.8981273890382303,-0.7265002394137114,-0.3128327436487675
1.1107119115212065,0.4002089630206696,-0.09842705967751574,1.6682657594074066,-1.4877935489637797,-0.1205935950272198,0.993829112258972,0.7987898018506108
-0.39516927694414333,-1.5710154646379912,-1.036364021166226,0.7500158894974328,-0.3422246942994896,0.5526368851530454,-0.7454950930516715,-0.27141599994859583
-0.21478566058348095,-1.0977089218870704,0.45495207847365005,-1.3566868763282016,-1.4389773447280707,1.0931176931850892,-0.044187700099643484,-1.848095748586053
0.7081006122918344,-0.39214584835429217,0.307341060255763,-0.05629561165861071,0.5376566320596639,1.387063395799008,0.7694956267627284,0.6530718894161901
0.32712975389295346,-0.2920671126361397,-1.5005804886288294,-0.37568626543843403,0.458879798403005,-0.765377716890009,-0.253005970391264,0.1118289658658862
1.2723979198992494,-1.285042108978806,-0.7569288946322793,0.5859510490689667,0.35707608655819073,0.5336726462747281,0.900248020422646,1.062808043237078
0.7068508587120149,-1.4921071231153469,1.6479332662612904,-1.110024585519681,-1.2963058375664425,0.03112031599931884,1.2502257494595412,-1.0722899378244604
-1.2743248885742458,-1.176171099640912,1.1014970745762618,-0.4261550948251366,-1.5072005339716452,0.2681733019782854,-0.7788136691843088,-1.9460484223767593
1.386857568615592,-0.5459653714053038,0.6933954576742754,-1.1815300542749412,-0.6350280773537045,-1.6282505858534475,1.5279766194149755,-0.2645975456188649
0.7071465575908955,-0.3969808078331996,1.2224488057863898,-0.20265276429421303,-1.4754065788265514,-0.26282538661459975,1.098114134104656,-0.5313545234674761
-0.11849601567449537,-0.9227150497527821,-0.7456133579159674,-1.4172000977871544,-0.8125919423373307,1.2922422014074213,-0.39691137890536377,-1.5137514461348451
1.3777893546325268,-0.8266475579136732,-1.4419968324060262,-0.8451269913171006,-1.2238048771924022,-1.523947272022702,0.7297701729584141,-0.5767160235480469
-0.9670505251949142,0.16165114653824728,-1.2891627145370783,-0.206300518512609,-1.7025298566819678,-0.936055866794865,-1.3778937432693898,-1.7095859403431712
-0.6705942617689042,0.9913582262434678,-1.4062234459283947,0.1471262362121269,-0.4055796817203988,0.09749515207342949,-1.1398909756515867,-0.48583774116151446
1.205044198085853,-1.388820887907918,-0.49458156913398094,-1.359882289748142,0.3587440456517615,-1.5334293914618609,0.9234948973313047,-0.08728857209965417
0.7459676255872387,-0.060238717035896935,-0.05106045013259844,-1.531500879636107,-1.5259016544178619,1.690491217852085,0.6552060967464376,-1.3256934622727534
0.8072129562673439,1.5972663170078198,-0.14472731003219924,1.5741294246711572,-1.6340091138825765,-0.708485000255057,0.6954723005737958,0.6444706599428576
-1.375226176491013,-0.520541847395465,-0.6361466292410467,-0.7394269082141129,-0.43211584125379104,-1.5334293914618609,-1.5118751807218156,-1.580104281751068
0.455635470037233,-1.4299442663297972,-1.5048459969062937,1.3711338363183159,-0.9096720323410914,1.074153454306772,-0.1312049408274975,0.24712083116965833
-0.49508523451904723,0.4457693969413228,1.0007170574156306,1.1740200716683817,-0.7072477878374394,-0.48091413371524905,-0.08317975915411667,0.09651293074321964
-1.2376289463431343,-0.351654616423539,0.6202878387423958,0.9501506925872288,-1.267633280596077,-1.6851433024883995,-0.9135392991504632,-0.9160399549838383
0.256434494331581,-1.4892732730512694,0.41282492273457405,-1.3518957924779045,1.0083358392567514,1.614634262338816,0.3851632280478605,-0.2250337567333433
-1.0724494884499103,-1.100834297464861,-0.904886318479139,0.23224833088432673,-0.5677437106152439,-0.6705565224984223,-1.326433965487675,-1.0200306256502227
-1.5745550347232697,-0.3769778483056942,0.3730244187432239,-1.478635431786146,0.16107068745989692,1.216385245894152,-1.3249418371949235,-1.7013869683102931
0.6905639799970851,-0.19048611237183372,1.0412084026867114,0.6400310422390739,0.3191246989809024,-0.26282538661459975,1.0278961286695056,0.985998691004018
1.625974567394835,0.643800512795856,1.6238964326805883,-1.4368475658718391,1.7498700586050924,1.4060276346773253,2.1010552456208007,1.3102683970124773
0.291849918760519,0.2921925907773952,-1.2400442743406732,0.590668921998771,-1.0788387270308102,-0.016290281196474483,-0.18949941362334258,-0.14186837623444037
-1.3930411519002863,0.6034394364570268,-0.5505744529645467,-1.526219864598453,0.8259249726375292,-0.936055866794865,-1.496122947484695,-1.1622262573855313
-0.3327456778709568,-0.7971480072179522,0.3302658838395631,-0.4753120009402246,0.5123033359951171,-0.4903962531544077,-0.18628717098993033,-0.26190377262252335
0.37761509830094314,-1.4327197840375847,1.118996013817901,-1.6297318282196125,-0.34553037710731926,-0.9170916279165476,0.751211689549181,-1.0397633946118556
-1.2102106316723922,-0.22879552977162204,0.039406548453673855,0.598379571041731,0.45036671320406346,1.3965455152381665,-1.0982284463914027,-0.13455599497330942
1.5132704112796072,0.7166942430525055,-1.4777334690991462,0.1463852081648973,-1.1505302378876194,-1.0877697778214035,0.8482322318983453,0.319302905956609
0.15699036175663897,-0.0953125222295513,0.9022239745592668,1.090517049077511,0.06838096702684687,1.387063395799008,0.4852678691551406,0.7937842986237357
1.6161990617035817,1.6860364260603955,0.4070327786684314,-1.086164877965117,0.6326191627123717,0.13542362983006415,1.6400747159991853,0.9366740425068893
-0.10960486689535623,0.39702706753327976,-0.713750246837806,0.7053838001380093,0.9404201204505868,-1.4386081970702742,-0.3571540285358373,0.8905755878195447
-0.9132489711713501,1.2454850696814874,-0.09245102922157658,1.211792567763612,1.587795503663229,0.5147084073964108,-0.864170834970553,1.2337138267468923
-0.7464238115920673,1.0202980969299342,-1.1533603438783733,0.1958591404626152,-0.49693790166930846,-1.0024307028689756,-1.116531296510323,-0.5358864911269056
-0.47721134642189117,0.4523384843775475,-0.6486069347565528,1.306315142071889,-1.0990948799306652,-0.07318299783142647,-0.6771642010116378,-0.13657064604511568
1.2874344138359892,1.1716680546197016,0.9441570337808374,-1.6700710667333034,-0.298778337940272,-1.192073091652149,1.5276698747390343,-0.16113636772482282
-0.8500298419456785,0.8413099898720537,-0.9036336274592169,0.5550880450456297,-1.678633005998844,-0.8601989112815956,-1.122506297403273,-1.077324293502687
0.39699161690142126,-1.3701384322041539,0.9076903449168782,1.1128094034856886,0.08362391584466293,-0.29127174493207575,0.7089072440395551,0.782037858719249
-1.3884622566227656,1.5850184160539404,0.17659438706617706,-0.5184976796446165,1.3262868465275988,0.8276183488886466,-1.2149096928665575,-0.12093217396495339
-0.12231697946098029,0.12830882788252665,1.520112065337862,-0.7451212026183388,0.20709239878100094,1.500848829068912,0.44540853597584684,-0.2732422428839651
-1.3666520523214645,-1.593748974734704,0.8736065704546918,0.9496466375568673,0.3671667305770315,-1.1446624944563555,-0.9329358075254969,-0.20990102984077996
0.7869413139228728,-0.8640714716141702,-0.1957261484801321,0.5820071287360699,-0.8823497202092004,0.9603680210368679,0.6544159231730375,0.15764444717933906
0.3669854709001348,-0.24995548107859694,1.4818465632186502,-0.8959865249907586,1.2241902116311552,1.2827600819682625,0.8863357752362081,0.4544854032686629
-1.521463061161262,1.6017320620072588,-1.3352137846589789,1.3970314941727022,-0.39472165935157344,0.6853865573012666,-1.8921446534867419,-0.17380076969897984
-1.1753196867369629,-1.655158514477962,1.6403721521108612,-1.0309501957138858,-0.29100954883322094,0.5336726462747281,-0.48702168052411005,-1.5717804958640578
-1.0910507082931054,0.580223425887794,0.7122016360072378,-0.6396408188857498,-0.01764043607726132,-1.4575724359485915,-0.7483891516991833,-0.8919284536960336
-0.18076442386429686,-1.4089737395763353,-0.762062867412089,0.6175649388318344,-0.9539107659147651,0.0026739576818428446,-0.44916788101018323,-0.534385097641907
1.39227407401551,0.7441402292756494,-1.2375011960300641,-0.0026212539021050925,-0.23246104382346286,-0.6705565224984223,0.828007006677981,0.7068469291911359
1.1049798525546397,-0.670137943506337,0.6003382780579408,-0.7403858229227247,-0.7859575694567752,-0.4714320142760904,1.235143694622294,-0.2854045818582297
1.677365368567984,-0.3975818846892684,1.3294837718356467,1.214807595454371,-0.6653019354707077,1.1879388875766759,2.045591264295473,1.315123380910212
1.0946145994668381,-0.9963545215351937,-0.8151442307049221,-0.7435421503593528,-1.0409053024462782,-0.5852174475459944,0.7011804103042854,-0.5657657439414508
-0.39041226461862977,1.4983950056875934,-1.530857216750942,0.3589473864937799,-0.557834999927917,-0.4903962531544077,-0.9263501188851656,-0.22668826942189396
1.4250352439759326,0.2177496997119767,-0.5339528311861209,-0.40947805528838277,1.0816061163163098,-1.4575724359485915,1.121021507156112,1.214831398495737
1.3760343592309472,1.6331810672961853,-0.7061878300043166,-1.3446301937184628,-0.09740842125913056,0.7991719905711706,1.0022355764195863,0.15900789302206983
0.5768565818871226,-0.23421793207023492,0.37919729087486265,1.4578983921835285,-0.27894523306734,0.5716011240313628,0.6805736101191878,1.0006421208891887
-0.9884858762679342,1.0510512613405463,-0.880470616730475,-1.144014533239745,0.8657687828214612,-0.8317525529641197,-1.2418123683585027,-0.6431052493225129
0.5537998226138638,-1.1758288611832541,-1.667301602265913,-1.0865237253981097,0.1752543971426344,0.7138329156187426,-0.11075700131956798,-0.4548746056645889
-1.2821873435060418,1.516703783937642,0.9279862435229494,1.5867555673210219,-0.9343013231202133,-0.6326280447417877,-0.8354384220481403,-0.11493558316498495
-1.502708700878207,1.1764141841717788,-0.02820126001808139,1.0372483384988744,0.8191884141128439,0.47677992963977606,-1.3890700656914114,0.34436528790873094
0.1725345096081848,-1.558143267792308,0.03532179623532092,0.23986443618425143,0.9105643408908166,1.6335985012171332,0.1770971833757125,0.5491426952229135
-1.5533799042732401,-1.4050663258224134,-0.02957257591907997,1.055435375494487,0.5289063056869713,-0.8127883140858023,-1.4380319194032884,-0.19242018581268766
0.7945306913302688,-0.23768417674384906,-1.1587695289975388,0.26621707347000123,-0.6498358577857469,-0.29127174493207575,0.30459965696695207,0.1439623977508054
1.4406959848155734,0.2504934999075938,1.2100563323632842,1.6867966155425664,0.838964357783947,-1.3532691221178461,1.7916658300162909,2.3896051545875836
-1.0858362231788679,1.2369899560977733,-1.4533006021468138,0.49596028885856036,1.1385434262404037,1.0931176931850892,-1.532708691544391,0.3863097974371443
1.4072389076680512,-0.48128324805301714,1.6472777078961416,0.3578367075932896,0.8656960877751959,0.3061017797349201,1.9144735387072842,1.5511069592036435
0.3609087082520731,-1.5260304659378277,0.053539616136539146,0.788119530681999,-0.12584904642195918,-0.15852207278385444,0.35702169809299045,0.3845773191674112
-0.5227601114683048,-0.9821613766002021,0.08602897242001106,0.18816015000058578,0.4869989203394738,1.44395611243396,-0.44834661973894496,-0.0471062792698062
-1.2186730533130128,-0.0029976409467566386,-1.6709463033438074,1.2493071579801505,0.3532364148589855,-1.6472148247317648,-1.7348273563392334,0.10866071334232329
-1.4103167902631455,1.3278809598231773,1.2797931577392074,0.5809559059308688,1.558517800778898,1.2353494847724693,-0.819908916094905,0.6571125943837027
-1.4512773111684134,-0.6976425597177978,0.9567739114798364,1.5544459028151862,-1.0111513333041637,0.44833357132230006,-0.9820228422755395,-0.5757408696898533
-0.8144751032567664,-0.19396534461028192,-0.3949932397049364,0.4782810193423952,0.057436379990373695,-0.025772400635633148,-0.8954710408565048,-0.21789515412832663
-0.396301025476758,-1.1021785715624406,-0.8284893755872255,0.6367398383952481,0.27171139651418463,-1.2110373305304662,-0.6678302850128965,0.09052990273153494
-0.2784453542071149,0.06637825656618049,-0.7836544373809459,-0.02230056708950384,0.79521234491054,-0.6990028808158983,-0.5439299903633701,0.24372741855601066
-0.5750264930023277,0.45818136512774726,-1.3155269562941536,0.8685012980710777,1.01497243650929,1.4060276346773253,-1.0083318466928965,0.7285222712178983
0.6209659984431011,0.14795466506049326,-0.32651732934043587,-0.02038460954887747,0.5416520463089037,-1.248965808287101,0.45502090314866384,0.661809621745474
0.5265328545795528,-0.0039878003890264566,1.342904633812801,-1.1648923613091409,-1.037502193939549,-0.1205935950272198,0.9719184672250395,-0.8758103708704186
1.7342309815124186,0.7161028459332642,-0.7152004000618298,-0.5731565768330986,-0.8624945462046022,1.0362249765501372,1.3311504466161947,0.24573018916446102
0.21780697063734888,0.8740738988021742,0.9916539988753326,0.1591082847515665,-0.4754447137996116,1.6620448595346091,0.5670938253141304,0.12230900744203908
-0.5829179756785828,0.5368620833220652,0.6013686091469693,0.9003401715896142,1.7281405624373307,-1.2963764054828941,-0.3039502436764627,1.2724062915540604
0.07478479055713329,0.4273202790547006,-1.1273383708375024,-1.155534603117817,-0.1744248638157819,-1.2963764054828941,-0.35508873488705267,-0.7243903884500185
-0.21626936847646128,0.15011471274903831,0.5697000095685816,0.4063498389508996,0.6357762198797715,0.9888143793543439,0.015753846969104084,0.5237858071476723
-0.5118407131099959,-0.5821529199371287,1.334433211647776,1.4338798388967222,1.5762761375305128,1.1500104098200412,0.035011102211305586,1.4222860536187234
1.0319572365936867,-0.6535363020640961,-1.1784744357831338,0.9568084679235535,-1.3802838142627232,-0.31971810324955174,0.5177642708423597,0.20142430823980764
0.211137436595003,1.0689204665807555,1.0526648672960877,0.31543662780677606,-1.1871691115210494,-0.3102359838103931,0.581649819376267,-0.16962095784258555
0.31776639029645626,-1.6151892687136156,-0.29546086689965795,-0.8353730343705961,-0.6503244413731573,-1.3437870026786876,0.17646155790578938,-0.9017810046660348
-1.2694294737846108,1.4919492410988968,0.9403752884031737,-0.14011298463487631,0.8373700254676859,1.2069031264549932,-0.8222946199065504,-0.08338777274108891
0.29541953810475396,-1.4722417737203066,-1.5832626334833244,-0.2522481316953527,1.1082613177471587,-0.24386114773628242,-0.30985447943852473,0.3703208167453745
-1.2903914873950042,-0.565480796637927,-0.9973583608368161,-0.7026029929868027,0.6223327056715362,1.3491349180423733,-1.5626709190793868,-0.932905181900633
0.07221396207840748,-0.09077529253694827,1.5424470568030442,1.207429397737453,0.3757028130356973,1.4629203513122773,0.6455336341194314,1.0249376510385015
-0.9769890410350618,0.7740414976461465,1.2855088000640629,1.1667576823798758,-1.44252818763971,0.8181362294494879,-0.42596865644742127,-0.5484770609367782
1.7008399115792265,-0.7525526725323692,-0.5926801341738388,0.6483457036862115,1.2306352462492418,1.4249918735556426,1.3607238034823086,1.930534415604243
-1.5511024872503423,-1.281662544964055,-0.7631687246226603,1.3514256146614732,-1.44706491461717,-0.992948583429817,-1.713144008178444,-1.1789520867593934
-0.9183451102317496,-0.0381503444120688,-1.6858850790674849,1.1615621768339814,-0.9635375621088047,0.9793322599151852,-1.4686110857008947,-0.5259609184016864
-1.502013577603316,-1.6279449259143615,1.033219187553861,-0.19872043731494535,-1.4424075147226119,-1.5998042275359714,-1.0129121929348008,-1.9771132021866482
-1.481886129563153,1.6422635246020032,-0.7336998533541852,1.210928396850377,-0.6235174942001628,-1.1067340166997208,-1.6352013664987564,-0.34773570728545794
0.2195185565104159,-1.1125024118326665,1.0972837538137026,1.091780414112263,-1.6466492241005732,-1.0403591806256103,0.6081517423659525,-0.2781171976858626
-0.7035007186254794,-0.8217571004995068,-0.10752057902791572,-0.7736147318607681,1.4800899855881515,0.3250660186132374,-0.6886059228349869,-0.12336760200272331
0.014259849521051617,-1.228151910747507,-0.15104428163971756,-1.5765435188071024,0.8182014977270444,0.05956667431679483,-0.049041733331939286,-0.6007960003411829
-0.10658126352918511,-0.9418801047488609,-1.3061872655684816,-0.025124090679129994,1.5364144549434484,0.9508859015977092,-0.5756572811019635,0.5991797876697396
-0.572118573581938,-1.4754173924630296,1.3349874349184978,0.44145380720500876,-1.6669609990115741,0.44833357132230006,-0.039334690458200205,-1.1589681140443922
0.9825306614284449,-0.0337022818301449,-0.7990877887336502,-0.12436247509715216,-0.25846870013002304,1.2637958430899452,0.6105370384935903,0.30293926058073717
-1.3697902729810167,-1.1856353543080753,-0.10711005705453772,-1.5163434223645005,0.394290778117376,0.06904879375595349,-1.3127622091031634,-1.6079238325382723
0.3498666935633558,-0.6434543600729233,-0.8463038604124992,0.6324658297875044,0.850624759882462,1.4155097541164838,0.01729706868216394,0.9161161569811598
-0.3183974198425824,1.535103432396071,-0.14711399509284123,0.8473141071763854,1.1328981417519128,-0.822270433524961,-0.3387043213331029,1.1479652218163232
0.4892095248067528,0.3900039221575308,0.1997561015391865,-0.5714501661273848,0.8237581472804604,1.0077786182326613,0.5257676430757382,0.4948078469432386
0.8916643643221077,1.5847068153947486,0.699345886266227,-1.5763992738577939,-1.381736737143593,-1.2679300471654182,1.0679131213490247,-0.9164291359126716
-0.960134777195589,1.213354768687172,-1.0698173701976013,0.4275273985007871,0.9806838744957957,0.5431547657138868,-1.275842522764622,0.34913149366442536
0.3446554906977761,-0.7532404409608133,-0.6102723627306824,-0.28184076751808373,-1.3864908694932483,1.1120819320634066,0.08549061361162744,-0.8919762056994255
1.7113652123154004,-1.3742893129661784,1.0489486348179016,1.3776339880619808,-0.25085975535912136,-1.5903221080968128,1.9756591358629307,1.5161583058995884
1.6171400024380587,1.0877262320672567,1.089935881497522,-0.41649641609708427,-0.528050525003152,1.0267428571109787,1.8926445766416229,0.6138591075121556
-0.903317383797978,-0.8464954789462896,1.216166886000809,-1.1521458653198557,0.13174348456119742,0.2966196602957614,-0.39141506472465853,-1.1549633657854117
-1.4800886368661763,0.6343544478547083,-0.18127593428426786,1.4517818303606735,-0.4640604851672286,-0.2248969088579651,-1.4275005500286415,-0.22276289808150604
1.4018160150987755,-0.08790858389025057,0.9600291209618487,-0.9706009813945613,-1.5358431970562625,-0.6136638058634704,1.6381685435353974,-0.5731972926141407
1.6406175570529953,0.9957286598870101,-1.2996470005163818,-0.006563439714471327,0.3477047667601723,0.05008455487763617,1.036788430632539,1.2122445768303016
1.1137486744482177,-1.6748975127538825,1.2922103542206065,-0.7657824629211775,0.38038904657150235,-0.37661081988450373,1.5032355165578692,0.276388734447547
0.34260748186309936,-0.6896674949283584,-0.9361861658681941,-1.5753861864885428,1.3617684719417624,-0.1205935950272198,-0.03367828879057936,-0.06968473119792512
1.4746514471623844,-1.664381875380334,-1.169267750792202,0.4316289767551823,0.06165747952771523,-0.7274492391333743,0.9324977640608092,0.8477985158138418
0.5315766791263556,1.579133619264301,-1.4574683534994821,0.43976661122850275,0.7255892465801309,-1.5903221080968128,-0.04188089292795849,1.107328506718154
-1.5526821283664682,1.2724554660572416,1.098793466885042,-0.42579990879303387,0.5430795815254047,0.7517613933753773,-1.028312628633554,-0.601153625879776
0.053536279611035686,0.017821355263172627,0.23107536453883654,0.36484640406617397,-1.513530091281544,-0.23437902829712376,0.13107665949197564,-0.6108722566084048
-1.0103506824993762,0.4953008386430031,0.5693030934333492,-0.3469304844778722,-1.6505981712073188,0.4672978102006174,-0.7313921506533761,-1.6322800435812563
0.5731553090110066,1.5197936575040916,0.692806482809993,0.08576441315636786,-0.6500041534622674,1.4629203513122773,0.7839320834092007,0.25819818070214773
1.0603012778301313,-0.518841059108929,-1.104165005340713,-0.7838298670392966,1.349267649484162,0.34403025749155475,0.5719320003809869,0.8079297413715599
0.7120252949597561,0.04131052099153872,1.1190393906952547,-0.7119200317229013,0.36695590009891604,-1.5334293914618609,1.068751135196136,0.28875239999252333
-1.2685009480526543,-1.4585865025130926,0.1973985132722745,1.5447583053765124,0.5851024137907963,-1.4575724359485915,-1.0878373711423406,0.29163909986195485
1.0587965170942963,0.8851262294300736,-1.1122824645043081,-1.4208336850739047,1.6789720492773161,1.387063395799008,0.5654062887115123,0.8221262178350177
1.0515342681723068,0.9583703457363553,0.15203798238504063,0.5877025333933859,-0.5468888494515214,0.021638196560160174,1.0292082961268123,0.7755076621975757
0.5812759416641262,1.4731051923077219,1.5003643675483807,0.15777680504718702,0.48241051085090414,1.2353494847724693,1.09485899566905,0.9930065456244735
0.016851041521658547,0.9714498190270296,0.20244828641975865,1.6773462542605353,-0.7139508773217446,-0.0921472367097438,0.09773356934193174,0.704326194375351
-0.690520676328258,-1.6477167499666991,0.6028198514745753,1.6452724037870063,0.039821426860585415,-1.1541446138955143,-0.40559093369843324,0.3717792543187326
-0.8954322494297078,0.6471746276503523,-0.7761751042016064,0.34601118787817126,1.3823693904567533,-1.2110373305304662,-1.1065412912083432,0.510215557779695
-1.2404847953922207,-0.26988314948729747,-0.8965514813744024,-1.2724918059757606,0.6195475758335913,-0.4145392976411384,-1.4826064419129525,-1.1852458783423259
-1.3759454846904693,0.8908630064426494,-0.13805915991534604,0.3955429009527075,1.131192864934732,1.5103309485080705,-1.3152009881959748,0.18468959767388016
1.3879411312281966,-0.11089580964539753,0.3558115942535712,1.1045725615569313,0.663519890604808,1.1215640515025653,1.42290749130002,1.8266404145114918
-0.39722339244848637,0.566986303561011,0.893185346200996,-0.9734345409507871,-0.9399351601659247,0.789689871132012,-0.046100865693688604,-1.1975660815554996
0.147965179299803,-0.06561777292286437,1.3345850114309974,-0.5177910425238466,0.9904923716862486,-0.025772400635633148,0.6309090177150415,0.42578889651271695
-1.210440087686233,-1.4999782428193555,-0.6629905616160586,-0.33456975514244,-0.5799857438495943,-1.3248227638003702,-1.367981735115426,-1.4719817301010383
-0.1170807971643613,1.4972043267348578,-0.28779384585790413,-1.514913059419159,0.6243729448781206,-0.23437902829712376,-0.22069713608440658,-0.3901275122736836
1.2957325472857748,-0.3427888471237422,-1.5934604696054655,0.6194795955293952,-1.1698909928071606,0.4578156907614587,0.6069474286669816,0.30100815337399484
-1.2366710640970118,0.0621347922958652,0.9173515182637421,-1.4940320806750167,-1.4173859938034277,0.3061017797349201,-0.8177688408334568,-2.325555763742989
1.744782106387582,0.3537705358075134,1.1223105888370384,1.0753357153958678,-1.0306776100845196,1.4818845901905946,2.029196003943351,1.1557128449458147
1.082034886968952,0.17383049669690728,1.171333617296298,1.0670701571623955,-0.6685085402177594,1.3965455152381665,1.4363766001535414,0.9501908005696383
-1.2857224999949117,-0.4776095266453053,1.5870835517642696,-0.5073975884996603,-0.18642024329895132,-0.5567710892285184,-0.6049357216931445,-1.1196733499865232
-0.7588555781287145,0.27798902889413685,1.047358370324044,0.39516435879013834,-0.10140350577982293,-0.4145392976411384,-0.31187372908992517,-0.17600872245518862
-0.05507947194330083,-1.4888826706985452,-1.312712187835536,0.3729063244902766,-0.38682565160662263,-0.08266511727058513,-0.5358501375126651,-0.31914809378828346
0.9756328776082359,0.0750566583046207,-0.060955876421401586,-0.02561708070972546,0.6801713123148402,-0.6895207613767397,0.8813534572890819,0.9504581004232187
1.1379816413786337,0.09103170488354151,-0.2177267956555508,-0.08858347804724913,-1.6400906741062535,0.1733521075866988,0.9638649966574059,-0.32629455776625804
-0.38971436239575147,0.4809464446514937,-1.6634825704001845,-1.415320875089587,0.09513388790238932,-1.5618757497793367,-0.982882315498588,-1.0133370663578503
1.2952833821531757,0.645796506938761,-0.6096145326744916,1.59380991925447,1.597525766422509,1.1974210070158346,0.9871503987351856,2.6341553584463098
0.17968993529072133,1.3516627931668097,1.1745613930627847,-0.5712679955501648,-1.070864748753876,1.6241163817779745,0.5929463822457289,-0.582941570835351
1.325781199552702,-1.6963100393708532,0.3603217466605926,1.0560056657282066,0.5776222507267645,-1.6092863469751302,1.3661510650936166,1.4979100896880149
-0.3125225408172045,0.8978306570908509,-1.6876212345239312,1.1635472628603343,1.135533953821493,-0.1395578339055371,-0.9010542407538656,1.1576341049563719
0.924586953705262,-1.215545402248833,0.9318736292932296,-1.6766095730306028,-0.2621009016852837,-0.594699566985153,1.1874583315337413,-0.6811112706063714
-1.093762085568922,0.45868047750107865,-1.6787055205489896,0.9862065784316834,1.5626272796304965,0.4578156907614587,-1.618973836615781,0.7858755115802033
-1.1966095726699637,0.25819881422474555,-1.3213942072967058,1.1637965560973162,0.5282411183041289,-0.4998783725935664,-1.5849726879950319,0.2286577525426842
1.702172803251341,-0.902381913160358,0.6378586297268962,-1.4644523242409777,-1.0388762470582518,-0.3102359838103931,1.795401905491481,-0.5254776162035987
0.9011284614633059,1.1337272958629516,-1.0593850456223912,0.7848025234716621,1.0641377555701736,-0.822270433524961,0.44996595480228074,1.6765044884728193
-0.199703016216418,1.3986636445550982,-1.6541640376410183,-1.473817526255563,-0.6865752244497554,0.021638196560160174,-0.807108382837127,-1.258110951189706
1.50440323400597,1.6704654425506311,-0.6973669500703957,-0.6233562620814861,-0.604363531542227,-0.9834664639906583,1.1263615959030644,0.3617087215532156
0.47022478789625693,-1.716381960686865,-1.217124532455015,1.5049358759481484,0.2657499760571886,1.3586170374815318,-0.006000688501325422,0.9828692908580539
1.4175155304558462,0.4000839419798963,1.036306880233547,1.0011460748198946,-1.2417915115491915,-1.3627512415570049,1.6937958080121653,0.8028567314393921
-1.332690168718788,0.5473390402830408,-0.7365888409182949,-0.16791305488799826,1.4941716503089542,-0.3576465810061864,-1.4984870848635408,0.014004072716868972
1.421597664543214,1.376558132421983,0.19356657955873155,-0.7713155980740979,-0.18234295708810477,0.6000474823488388,1.3799500937045526,0.4821258644138239
-1.461338972307328,1.2741275483636954,1.4002551515951602,0.3394871995607726,0.8824642655539283,0.704350796179584,-0.826617832604125,0.10184445779179871
-0.7497057411820193,1.6335434144963867,0.0347536006775732,-1.391002398805869,-0.9899544028471363,-0.9265737473557063,-0.691508556029581,-1.5752400474013868
-0.7569176037839688,1.6623063399703484,1.5432788336416794,-0.6946634139778544,0.8990231546694514,-1.5334293914618609,-0.1289172963670654,-0.008179998558836773
1.2905035906846434,0.934221919090586,-0.050730448629805615,0.8139403469814741,-1.1953716434629915,0.1733521075866988,1.1737931570175095,0.6579143017524554
-1.5559174086565926,0.03661895784180731,-0.776485502274568,-1.4481614131557916,0.35275977236224937,-1.1636267333346728,-1.7316505149901096,-1.57374558757187
-0.34962220532389054,1.3879633578896167,-1.6889860080510803,1.0681704460702603,-1.5157621188872288,-0.936055866794865,-0.9467374074056659,-0.36995865388746135
-1.437330044119239,-0.06967573496900069,0.7626345909555826,-1.0562557169628328,0.1639832415400177,-1.2394836888479421,-1.0515529812578264,-1.3136870613694578
-1.640127563798223,0.6249386895167603,-0.20088188321631079,0.03486829291042576,0.6905070134376192,-0.5567710892285184,-1.5864219863285323,-0.4678199413134502
0.7250570661181056,-1.2481751361101787,0.45330547360118945,-0.5474028517895341,-1.2812145710701894,-0.9550201056731823,0.8288470611220007,-0.7673757286567423
1.1719052526132527,1.4964950171934965,1.390676919399318,-0.6411767837710886,0.7083435553916111,-1.0403591806256103,1.5961382055808297,1.0067000535843234
1.4878427176966864,0.43008824133535656,-1.6150424189772978,-0.6305942188858681,0.6561156084445093,-0.36712870044534507,0.776445807629543,0.8475450878018309
-1.0084734105653166,-1.1208395418658383,-0.5480983670021394,-1.0457572165962008,-1.1537398381235697,-0.5188426114718837,-1.1452961993972586,-2.031182137709022
0.6220603736977103,1.254283290560112,1.2137331953229966,0.8420276803292666,-0.08743461418403896,-0.5852174475459944,1.0283181712163936,1.0354435274625147
1.4747559636975116,0.5563195356543268,-1.3785666262502363,-1.4086375906844593,-0.6180097753438567,-1.2774121666045768,0.842185753067178,-0.30368523747649634
-0.4196726697661428,1.494976684748705,-0.8966817681267595,-1.645722225103916,1.1016951580050114,-0.0068081617573158195,-0.7242366530992749,-0.4037498873829099
-0.3209471819396811,0.7870616316479201,-0.6226921775992917,1.2213648965471438,-0.8896712252144816,-1.6566969441709234,-0.5228166224144382,0.07294706158453211
0.5939034407534731,-1.6532643536803038,-0.41953846566741493,1.6882556689226274,-0.06629648635533705,0.3535123769307134,0.4029064937765473,1.024598518925366
0.8739402806818406,-0.5029413973605573,-1.549074211451382,-1.1163648634668173,1.2383473280956385,-0.10162935614890246,0.23288607139393666,0.42189700960286725
-0.4523896940138633,-0.08037034691449575,-0.05086557792189117,-1.17148366606808,1.1084685469105948,-0.4714320142760904,-0.4393146247582838,-0.31305436275503007
0.00808771022521058,0.2994723442597976,0.0023344488559457494,-0.4504034977324108,1.0039037974387175,-0.1205935950272198,0.009702662517146035,0.3628145901588042
0.14334994963131015,0.9876350507189517,-1.1546277405217338,-0.4859702227694081,1.2813241880719044,1.3586170374815318,-0.29200502130388634,0.6067249824691935
0.6872849106134795,0.9342027653097633,-0.7680120549733301,0.6071127183090002,0.3091017820962863,0.9129574238410746,0.35604927285953825,1.0076106641596385
-1.1555051953029856,1.1793015208001199,-0.7128526769656008,-0.18228444923318604,0.7509893810488486,0.789689871132012,-1.3288871046806328,-0.22901058429691828
0.11731459576431882,1.0235044672037354,-1.0435813186226623,-1.322812134158297,-1.3308665391175023,-0.964502225112341,-0.29024263406809464,-1.3713910101424072
-0.8565699443949315,-1.2689110364597784,0.42122545991694965,-0.566244703798852,1.6448857771335117,-0.8601989112815956,-0.6327777149644086,-0.029858933158864263
-0.2791946003270928,1.1425880855820212,-0.28554045537313255,1.176643036118045,-0.8951935966529526,-0.8412346724032783,-0.35980521852921904,0.13651062870458525
0.9800170410082426,0.043680588461092,-1.238471210831066,-0.5765206869118092,-1.5646061215296254,-1.5144651525835435,0.4379758165164684,-0.7199392396974795
0.15588867716182211,0.8097791562542795,1.1669817286716606,0.042802037080047976,-0.39811503126519115,0.1449057492692228,0.5743097565193833,0.06537921697466231
1.621156157443076,1.4170155182349593,0.3324034475933981,1.327596103014994,0.3154808459177494,-0.5283247309110424,1.6300131121952772,2.0975263047394463
-1.3119726469521784,1.438690255001363,0.7250238480530653,-1.385032209617475,-1.2446703286329672,-1.6566969441709234,-0.9567897833990239,-2.0320461893728656
-1.0675384419229066,-0.15566102306520563,1.5088995002665573,1.5503236203429493,1.3589960520674416,0.2017984659041748,-0.4139417095606299,1.1085648232107663
-0.702628520193134,1.0629653627148228,-0.6428910599104786,-0.14435777220562085,0.7078568360418603,1.671526978973768,-0.8846057267264262,0.020327850953088696
-0.586596067786113,1.245472917171452,-0.781418346891465,1.004554389499597,-0.03771294344466504,-1.2774121666045768,-0.8247297562714483,0.33500377322688174
1.5765903362010996,-0.8124388348747636,-0.0578807511272689,-1.6342084550858065,0.6151015542854484,-0.822270433524961,1.4277164187313711,0.22307333977927069
0.74180574087181,1.646003603725845,1.2982399687254487,0.37469778167150497,0.657304342669395,-0.5188426114718837,1.1704536079543089,1.3226312675733765
1.0886073432569945,0.10257749563911432,1.3478317956389863,-1.3933614315846508,-1.4101001244745965,-1.0308770611864515,1.4902188821030358,-0.8772221618674515
-1.0204673175741528,-1.4427942333731896,-0.7508089271118872,-0.4127934952239623,-0.3096977189439184,1.7094554567304023,-1.2243234656530122,-1.2484833342364947
0.3866401939912638,-0.33252692968447967,-0.5406133985335756,-0.3404270258979405,-1.0117712795493383,0.6853865573012666,0.15126044944671108,-0.6251434070134636
1.7132313969978747,-0.9278295829928419,-0.44006938169753396,-0.5844246635798225,-1.0773092410855525,-1.1067340166997208,1.412163622117996,-0.10373768830031029
1.4291863574199672,1.6706075632944415,1.0011248532435297,-0.809032967021281,-0.6913025812668244,-0.31971810324955174,1.6833444651614478,0.26045021667476365
0.490244827166624,0.2942114876868032,0.5227943484274368,-1.0166185188856343,0.37258166606306553,1.5387773068255466,0.641715463836928,-0.011811203872890178
-0.5534138582068778,-1.3179784722877836,-1.5950559062052565,0.572618165237732,-1.639885628961817,0.3250660186132374,-1.1043374070538505,-1.206137091476938
-0.07384944935191531,-0.8568604096121891,-0.76978887021741,-1.198198709706115,-0.2247627771289238,1.5672236651430225,-0.3609744568774953,-1.0183309848037763
-0.07396081501816121,0.5803790482869401,0.42621793750124776,0.7002328792892969,-1.2352958674281465,0.9319216627193919,0.08864089957436694,-0.24621548021895015
-1.366376106601907,1.2369857618800506,-0.16660689485627037,-1.5716095932170844,0.21148784457469094,-0.48091413371524905,-1.332082975400122,-1.415930311381081
0.926495191415695,0.34487807251695957,-1.0279161457094492,-0.3189837112363603,-0.05433823801386385,-1.5049830331443848,0.47391727477291895,0.31407662588982765
-1.2017499536655425,0.2498477686036096,0.3036948529561754,1.5650808314210904,-0.24535549854288635,0.9888143793543439,-0.9896273585849981,0.10539408738157695
-0.061788247909083556,-0.9428230960688152,-0.41987475712945943,-0.8286250050622044,-1.5666584600768954,0.5431547657138868,-0.22360089482428264,-1.5596455763542345
1.2507361856633659,-1.0528382877773461,-0.15891441276901375,1.4592602925761673,0.3675205026978569,1.5672236651430225,1.106570224181678,1.6219274112343878
-0.8351432259001512,-0.24026057637409723,0.7436378246290603,-0.5340418051038776,0.8272514044596255,-1.0498413000647688,-0.4965836393476091,-0.3083808854593653
-0.009676163259991466,-1.7250806463810564,0.7235619705952157,-0.31487344622552094,0.8505439049566451,0.39144085468734807,0.25964218557326224,0.10845995877962894
0.12135167805790538,0.3303284438772322,0.14487799421665695,-0.9348791635701551,-0.1718125044558578,1.3586170374815318,0.15954656342560045,-0.5089156103042429
-0.10095434232319302,0.041235209579975576,0.03002598183609203,-1.0740055713807917,1.4054309217205068,1.4060276346773253,-0.08296047750272008,0.13892785840397529
-0.49518355999761726,-1.3796139768706006,0.0611442475208085,0.3106011574890497,-0.6345896169266128,-0.4335035365194557,-0.4358622362518761,-0.6587174399112888
1.0587777492037849,0.4925976262082785,-1.7161319828179118,-1.2131262446925661,-1.5058403809092646,0.18283422702585747,0.3307290347309638,-0.9710671837442761
0.9613665483585548,-0.9462537109161134,-0.7409515052668456,-1.0540897191991923,-0.5655834093795664,1.557741545703864,0.6055584524190588,-0.5378091010059288
1.6426974705055228,1.645817392799688,-1.5136278719270313,-0.7080324975218528,-0.35649355168729624,-0.4145392976411384,0.9528344339616225,0.48513441848912586
1.2608466522062853,-0.26067936195021535,-1.1976298132106198,1.1700549043032442,-0.6889289076265598,0.6664223184229493,0.7262209417972323,0.9050766684527594
0.22320925979821754,-0.8025965112527779,-1.6800069783018898,-0.6669959821123195,-0.6547324908522321,0.6948686767404253,-0.4215772700020785,-0.8328964534985099
1.4351931405419165,0.4070419805530044,-1.3342457781068888,-0.30303907188019863,0.43703971591455215,-0.537806850350201,0.8326786466197794,0.891898930733781
-1.5612386388157367,-0.6446458606511406,0.07223099285960963,-1.3168385763338446,-0.09217718096993716,-1.5998042275359714,-1.4239445904973955,-1.799971201862887
-0.8305918695447291,-0.03020639327556965,-1.553272207150325,0.631342450324235,1.11726153540629,-1.6851433024883995,-1.3334401536039016,0.4221392036780084
-1.040229924418683,0.0015423324870208256,-1.2946770027465164,-1.3444634946347391,-1.3923497998002887,-0.1680041922230131,-1.4530784998469075,-2.247720798392912
-1.4127885915950118,-0.1490299299437915,1.2500357691272457,1.3819585371776608,-1.259035128888541,-1.1067340166997208,-0.8399177361373813,-0.7021875007040327
0.7730220351602898,0.2853352687053165,-0.01674833472013694,-1.1251119980084239,0.37269845291588544,1.6999733372912438,0.702854430334759,0.0586045664082657
-1.088856857146678,-1.4641570612129156,-0.019654859870400776,0.21752427517827191,-0.9135376104201783,1.6999733372912438,-1.0158682976981055,-1.234091473221226
0.4445893485363589,1.549628508327492,-0.11158086732071676,-1.0677380590762129,-1.6890519920769655,-0.5283247309110424,0.3568778323767462,-1.1140358311192304
-1.571373652656955,-1.5380387708722736,1.4204592143250763,-1.3890519722437533,0.4788491236346233,-1.2774121666045768,-0.933268299301465,-1.5635930587683096
-0.16687503760304007,-1.719185237696944,-1.3295299350395624,0.255007182369504,-0.8971446836053095,1.1120819320634066,-0.6481129617541961,-0.7762882747966753
1.5290643987597512,0.8697689540009369,0.659985629154973,1.130627162985761,-0.5831316068693413,0.6853865573012666,1.6612014790888712,1.3611797334480076
1.1046324384789221,1.2365439577651212,-0.21328133764702492,1.71381039250563,-0.29453198242430506,-1.021394941747293,0.950923063834043,1.6116756458032195
-0.6748345269925359,-1.6013824826968952,-0.4068409195516258,-0.6202182638336844,-0.27440360589718404,-1.410161838752798,-0.7789729348654041,-1.1469583609442742
-0.4005162289776738,1.064114578721194,1.3481918030373692,-0.33217055990645705,-0.3906345078135531,1.3586170374815318,0.12513911382956866,-0.4241574695343287
-1.6115072102968782,0.4426530049901063,-1.0165253650638286,1.6334883561584082,1.0703496792559242,0.19231634646501614,-1.8506137727229044,0.6085058187063204
1.1192647385676617,-0.5510050192017435,-0.8082263498722888,0.9093702840606458,-0.7798123050377687,-0.680038641937581,0.7374113653035067,0.6044592811315703
-0.35453529731864764,-1.3697832945647297,0.48351892581751,1.3665826545463717,1.1105884214984552,0.9508859015977092,-0.13665352150897986,1.052324670958846
1.5086094604851075,1.1021158561767124,-0.5387701786795288,1.766333432035458,1.214163674796801,-1.6282505858534475,1.2100367936537235,2.7039559855669473
-0.7609574169609472,1.2656783155576652,-1.7242072593283209,-0.7626312005355325,0.20891151363667881,-0.18696843110133043,-1.3438157663757597,-0.6881299585052537
0.41507298359326944,0.5930976676019292,-0.8359375197836271,0.8678017989976615,-0.6853086890024087,-1.2394836888479421,0.07699364710763683,0.3782196276873453
-1.3954455005147002,-1.3309002449080978,-1.0572621366205412,0.29186648196816223,0.17996747372127245,0.28713754085660276,-1.6779187931595498,-0.7863468999216423
1.503878714463999,-1.2823168349237493,-0.5681370205255645,0.6531190950782392,0.9816283790598225,-1.0403591806256103,1.1867563490212722,1.6051451885745485
1.3261200507916242,-0.8522143080426005,-0.24582932972749064,-0.8060128203219389,0.25085980295818305,-1.5429115109010194,1.1302846056283935,0.3257927193964981
0.09815756911208223,0.46413555786100785,0.7798721447185445,1.522943058145344,-0.4783359475495179,-0.7179671196942157,0.3862133004328651,0.7628008878046554
1.5396884664509212,-0.9992181693901577,0.5910758465292069,1.462566695117661,-0.17414631724316842,0.6095296017879974,1.6486775579870263,1.5330144076113124
0.7047239895417807,-0.05280975130804297,-0.2477493120148803,-0.9922362128205109,-0.14778792155414744,1.7379018150478784,0.553012249279425,-0.26267144992139474
-0.1360055039134814,-1.1148293507428404,0.8640182216169348,0.6412491161533163,-1.439060348473771,0.9888143793543439,0.1916210003874459,-0.638123185978101
-1.5395246968479768,0.4907085850021218,-0.4081069899477722,0.9066049212393893,-1.5332796489336527,1.5956700234604986,-1.5737387115297443,-1.214136259924383
-1.0508946291817047,1.432083361393574,-0.31428938051509403,-0.5459306128272298,-0.8172464609470441,0.12594151039090548,-1.0931721919682496,-1.2163634898294835
1.5911734226034429,1.6054030655079672,1.1062057659321765,1.0182955737170172,1.1008252131915954,-0.9739843445514996,1.8896925384012349,2.423346607892824
1.3823565618013636,-1.3603478598460383,0.7066962331566241,-0.210994442162609,-0.11641305151347879,1.1500104098200412,1.5363243351642144,0.474721831139836
-1.3581974677320507,-0.2557236752705586,-1.3970085757711992,-1.4207309323757358,1.4087100075962669,0.021638196560160174,-1.774128917270879,-0.9139443800885578
-1.2080348333820645,0.11727445665126156,0.03527714382778332,0.6801534460363372,-0.657074905811577,1.2448316042116279,-1.1015478403658208,-0.6737382889464307
-1.4216821977195533,-0.08234530652598938,1.0832743329721959,-0.9229949705705558,1.2034694436108069,0.8371004683278053,-0.9136764173113072,-0.6162916360926809
-0.6784857430418862,1.429165572519916,1.4952620978150466,0.6812345621629358,0.6219021726972307,-0.8127883140858023,-0.06722692445342125,0.6312837149360877
-1.5882161951363758,1.3480327614304155,1.3769634914836297,0.718644756568849,-0.9544808367308077,1.1405282903808827,-0.9574305192581697,-0.7983630648219985
-0.8366648634298937,-1.0221303439767244,-1.25909994015476,1.2181251682043615,-1.3559447713860533,0.8939931849627573,-1.2368172039326641,-0.7798122641556592
-0.12660556684460553,0.5106924096723574,-0.7569885169296596,0.42415799498842566,1.095917681137954,-0.3292002226887104,-0.3898666319098496,0.8218145767435427
0.0046553510263173834,-0.8537570363890655,0.8562741553563139,1.392555814423223,-0.17974885863420464,-0.8412346724032783,0.3281742809678892,0.6297215922193108
0.928980139453858,0.02937478733943961,1.1162459936095617,1.7472009307559282,0.1842683151582666,1.2069031264549932,1.281959261623672,1.715324791665148
1.239506110731748,0.32390527483630965,-1.347224776374037,-1.23356527023487,-1.6533758549288669,1.5482594262647051,0.6333336022451886,-0.9633824757881301
-1.0749279630074284,0.8254101120672015,-0.734938398504211,-0.3693571700843424,-1.1802287991728584,-1.0403591806256103,-1.2714145834425903,-1.4442041117863742
1.3983214421485002,-0.6280123390664728,-1.5846312516902379,1.2867008487071374,1.637354280520489,-0.9170916279165476,0.7199342397240395,2.3114591911028888
0.7640401122349036,0.8531119517253399,0.4485136852411827,0.9076105767140958,-1.3051834713779593,-0.31971810324955174,0.8720851864406751,0.3595095533822381
0.2432286673390826,0.019419027477692013,0.07202006652468228,1.2202946119738136,1.5165853824120126,0.3535123769307134,0.2645275225032453,1.714932309862895
0.9071528555988377,1.1397058971765497,-1.4647209451694587,-1.4252080787223196,1.526634877020032,-1.0119128223081342,0.2944509149810914,0.6581611608449551
-1.4236930046958005,-0.5218229848137352,-1.1623610018865582,-0.8363376778288791,0.6269779487845233,-0.36712870044534507,-1.7475828190482168,-1.0881057551505848
-0.4102330044734003,0.18928502473852005,-0.23608090255499958,-0.950484562543762,-1.2118967704445134,0.3345481380523961,-0.47662134471109263,-1.4646789127681763
0.30145966924314854,-0.6182497984261227,-1.2473173091647336,-0.08404268361041824,0.20323551845818041,-1.021394941747293,-0.1824543195856903,0.08758486946191738
-1.1698768976553064,1.4931273645668555,0.25717537904959775,-1.1495050128711548,-1.0988740592695454,-1.2300015694087836,-0.9964930520013815,-1.7507335858528963
-1.3909654410618386,-1.257914389318517,1.5789475070739625,0.7579009444969721,-1.4698974981104143,1.4724024707514358,-0.7029404106499554,-1.298944349464587
-0.0027527983254339384,0.5927997415394695,1.11373627003629,-0.21922324770230125,-0.4796833441902854,-0.651592283620105,0.40614370503071007,-0.2563238043792199
0.8176635745663654,-0.2713434826474953,1.2672501693585874,1.3121206583795735,0.28344382711365823,1.2353494847724693,1.2326936385812504,1.4261897032506128
-1.1164401257719254,-0.687443837445864,0.8434229649462893,-1.1870349192529899,-1.3037510247004853,-1.0308770611864515,-0.7319374510480777,-2.1211054533785854
1.697806009853661,0.6355508018052985,-0.8366496207639647,1.096711467470035,-1.0926055834093047,-1.4955009137052262,1.2615411905865141,1.029761192227561
0.1349150843655407,-0.7055577454612837,0.9845550439177627,1.1810204253231884,0.6952915801892713,-0.6326280447417877,0.49817436015106237,1.1133382778464809
1.095432941862501,1.2090828090121808,-0.4057924361107533,-1.6776772296735165,1.6062588489353806,-0.7558955974508503,0.858705337813936,0.7400525025941405
-0.7174330944854822,1.223586979971578,1.3420244135819104,-0.9457825992636532,-1.5252006111844378,0.18283422702585747,-0.17798732087246633,-1.588188248025067
-0.7167795572751188,0.6452796672502322,1.2430498078181134,-1.5309646304000821,-0.4858379539120279,0.11645939095174682,-0.21346770079556557,-1.4118383443718352
-1.0400533832209817,1.2684522176498343,0.38857521319522964,-1.6645225967714936,-0.3052843092794245,1.045707095989296,-0.8279446860471206,-1.538144827949105
1.1626555335516044,0.6871012352610962,0.7297673135282436,-0.33969784295260835,-0.4564536482472166,-1.637732705292606,1.3402607863725604,0.3582940674558255
1.5153602028618356,1.5357506280415723,-0.18616628241258112,1.6936432761457727,-1.4047100978491407,1.0077786182326613,1.3359715003031762,1.2463261174639648
1.4712737220357717,0.07973061269076606,1.1896801186980406,-1.4167706741156174,-1.1659037812485893,-0.7179671196942157,1.7860982303717339,-0.5399081780392303
0.5158311696360228,1.658103173814222,1.0379444604649462,-1.0996603765793331,-1.0021660254892963,-0.36712870044534507,0.8502058909718389,-0.615989883718642
1.122493242680309,-1.438245222272009,0.4552579197427248,0.6373288962188961,0.6471905794025822,-0.992948583429817,1.2113010114167813,1.22036618587551
1.073372973861477,-1.4228363073311616,-0.21368725931512034,0.8673005649156011,1.4761499525040007,-1.3248227638003702,0.9232516347617206,1.7611581192081125
1.3729402889181694,-0.35226564283988737,0.7563363517747103,0.73080984253983,-0.48371883006724625,0.5526368851530454,1.5503290056617456,0.9376498617368033
-0.8488158983928878,-1.2348947659515719,-0.13186494331329587,-0.8938465726889534,0.09222742983462173,-1.5713578692184955,-0.8381356028976923,-1.129162198335873
-1.0078167894322212,-0.3598309749233638,-0.311983451006682,-1.4436922064275097,-1.5836048493762414,0.1733521075866988,-1.0612688136767616,-2.387235518978254
-0.16950441234440747,0.13015040440709702,0.27266336719194895,-0.820820341873956,-0.5557547857682001,-1.248965808287101,-0.06280753332699052,-0.8529714747471385
0.45854919091744273,1.6754921565193075,0.7811241114928473,-1.6902484981709784,0.1411183247607678,-1.5618757497793367,0.7033655168151075,-0.3451005278640055
-1.441465258778685,-0.9227178094434688,0.7805344745083257,0.7133533052954457,-1.0801620308834188,1.1974210070158346,-1.0434061600771187,-1.1314335131920719
-0.4478401290652861,0.31845652970100463,-0.9120343236928764,0.4821138693880687,1.1149472240347085,0.03112031599931884,-0.7435857133356145,0.6433515689009318
-0.6114754230300994,-0.9384135741473445,-1.496365700107678,-0.23624005856353067,-0.5714677286815618,0.7422792739362186,-1.1219700652607159,-1.033479010051117
0.4644089823518083,-1.5987607840208007,-1.6944086256490916,-0.8691386095824408,0.4791402861319803,-1.2300015694087836,-0.2009782732943939,-0.267821049274953
-0.4830520621971191,1.2481673930770714,-0.19051528831875914,0.053289035753768844,-1.0725542751151151,-0.8412346724032783,-0.520321686134655,-0.7065191113582037
-0.15154830612936285,-0.769851165497137,1.2701263354441423,-1.1489862475308434,0.36002481935349073,0.23972694366080946,0.32399273631059444,-0.5704562367930128
0.02777898047411965,1.0435164953128233,-0.3599267703104915,-0.10913725888362513,0.18467460479829836,0.8181362294494879,-0.10706898801697305,0.18066194486349074
-0.33498073535668904,-0.19597287743008887,1.6828697821305807,0.5990603905732924,0.06379363480687937,1.4818845901905946,0.3164096115317493,0.254763176513995
0.0961436289493382,-0.17736093987371832,-0.20316645800768285,-1.6492317037328283,-0.37266618252838696,0.39144085468734807,0.0024583421795091476,-1.1364693424541545
-0.40965064362666614,-0.21663563522088347,1.1401424254581671,1.7644945242718466,-0.3306027789908649,1.273277962529104,0.05211193008519839,0.6176330057269035
1.6853999982668109,-0.6928350900384536,-0.7400165261515534,-0.7310220884673759,1.3684020839855515,-1.0688055389430862,1.2843982328560315,1.2110942970491465
0.8076775415906887,0.6918251324638875,1.4778154893699187,-0.943835994279966,1.1662797902383317,1.074153454306772,1.2916890600994724,0.7789197286054701
-0.05748385320669684,-0.15201265779096682,-1.4848718228058404,0.3088280856222005,-1.5549169772588034,-1.2300015694087836,-0.6063884517919534,-0.8540419983532335
0.7835486391800758,-1.1044271239734755,0.7732487053404163,-0.6423773479211474,1.6505795540114985,0.761243512814536,1.0121977691432407,0.9291898190990403
-0.7247137857912576,1.2336401004385882,1.1215531871777171,-0.12582545831184225,0.996682761953459,0.44833357132230006,-0.25142694105531094,0.30903481178093284
-0.8983878274814012,0.5075426863705513,1.6580268681750108,0.8463829526395552,1.0398350336165878,1.1310461709417239,-0.2078036256288569,0.7207907580600968
0.3189658570214163,0.44394845532083665,1.57719721637712,0.3020203322589246,1.3318598411014655,-1.192073091652149,0.8848885774313938,1.2732739750390352
1.6415836549718772,1.259004352959648,-0.1518096699122736,-0.9954462277129533,1.5360277967147522,1.6620448595346091,1.4609275106127955,1.4300728467323724
-1.1209997515102725,0.7472864813317536,1.2779897868545582,0.05826725440846306,1.6180493129000273,-0.10162935614890246,-0.5562793748469552,0.48186330418433426
0.17595616360544947,-0.08917983771456155,1.660601771830723,0.590652204501841,-0.9318381491454598,-1.2963764054828941,0.776256154446177,-0.008887970891675916
0.023945760056409787,0.5855247386860977,0.7153750566138626,0.32853205909265937,-1.394255769152042,0.5052262879572521,0.2831680215446289,-0.47523645054913943
-1.637384913448473,0.2054450860862496,-0.9453657233226014,-1.64566669244062,1.4404774687143123,1.3680991569206906,-1.86618536606321,-1.0982487848265945
0.905117241260275,0.6840067748639774,0.4629371723039115,0.30147909110177595,-1.2807946015114393,-1.3722333609961634,1.0042267950020247,0.08690948084680603
-0.41557036710218953,0.6265759091785335,1.5890770737785034,-0.7931930273986616,0.6573323167415871,-1.2110373305304662,0.20158981784906735,-0.14215136802301656
0.2019584834360271,-0.8899833006712206,1.3947162749574895,0.20270617456908352,0.30188355667696576,0.2681733019782854,0.7043690369117633,0.3663643237180526
-0.6816211394487017,-1.619864514455862,0.5554834764241633,1.0245812034265482,-0.921319953033722,1.0836355737459307,-0.4223199378461554,-0.5272904372786497
-1.2911979341443693,-1.3991795366117568,0.7432152436621146,-1.528254951519008,1.2751403447292275,0.2302448242216508,-0.9224463498060995,-1.0442798642916522
-1.1538193094403084,-1.2219001084731347,0.7204692400835446,-0.9627482096901308,-1.351063396709172,-1.192073091652149,-0.8109113679150354,-2.121595905680935
-0.13499439112420192,-1.139924947079152,-0.08779032474618734,-1.536691354861744,-0.8621312690331859,1.6999733372912438,-0.1699164562081365,-1.6114688738439331
-1.6418947170099227,1.0226304640547024,-0.9792941362723847,1.7714692592356012,-1.2263336123716497,-1.5998042275359714,-1.8730291329784008,-0.5642028348431289
-0.8319031682536235,0.5961454120591118,-1.2375895660526743,-0.47165062266746977,0.42319369794116035,0.3345481380523961,-1.227054970034162,-0.5032852098167135
-1.0470708520061711,-0.14316927237683735,0.9862248559498039,0.6369550332637924,1.2667179864768574,1.690491217852085,-0.5940169552860821,0.5166590270666901
0.6643228820056016,-1.512310899863179,-0.9537394403770222,-1.4767882450239553,0.5766897704886936,-0.566253208667677,0.25434348055037354,-0.3881619695860803
-1.0818478876786415,0.11288744645848742,1.151814807156695,-1.0641960248668572,1.7492925528302479,1.6241163817779745,-0.5730175854332588,-0.15578848773363413
1.5002572822618894,0.4081683363849183,0.06553553897289223,-1.1129230686688856,1.5370634138248596,0.5526368851530454,1.409823437145271,1.1778659821304434
0.8467537609091168,0.9988122484219525,-0.2536881008840904,1.2241609257746464,-0.6411521362594486,-0.8981273890382303,0.6934278714389677,0.94807493815534
-1.1287159202993575,1.4503919093769309,0.5136634407639712,-1.1513881442682696,1.2026118725537829,0.5052262879572521,-0.8545911263705704,-0.4009894752382589
-1.2020376383393145,1.6054321676222072,1.42870546923386,-0.7639073629003024,1.281420606472966,-0.9455379862340236,-0.5814128634447822,-0.1028182580596581
0.2554342920314778,1.1470241497881828,-1.6053034068233025,-0.30441239695074723,1.4774727834712613,-0.5283247309110424,-0.3531815116975511,0.8837794212217294
1.6966052557071314,0.3821142157067298,-1.3828860240078809,-0.16703401586708308,-0.8358981215904693,0.7138329156187426,1.0519807740922746,0.3870847677358417
0.1794166098462773,-0.5355032168632256,-0.5887839898134328,1.0936508344615543,0.2891035022921825,0.2017984659041748,-0.04443553932579844,0.7886015347806086
-1.0727926327324613,-0.9599962043851111,0.8475562124535279,-1.0655103419308254,1.4481893359986584,-0.537806850350201,-0.6785792153124546,-0.487339826084985
-0.48631965178196507,-0.18918269672940352,1.4691221494693587,1.298526408466881,1.2732789912014204,-0.9170916279165476,0.10647911765307538,1.2475732810796938
0.042685650631741116,-1.6983278036798408,-1.244636503405528,-1.518335961250161,1.7449718603382047,1.045707095989296,-0.4231799506107031,-0.1477438147689524
0.11815380603631871,0.20862601198540684,1.367945585514401,-0.2998038843598247,1.400877389701541,-1.4765366748269089,0.618671373212124,0.8073086087649795
1.2687846687047268,-0.3374976800133798,-1.1580635216754975,-1.429130415651694,1.5761148148328386,-0.651592283620105,0.741738230431068,0.7118926727639223
0.5820065480731692,1.2490123364451735,0.36312916303396126,0.9643575959509745,0.6214376747654586,-0.08266511727058513,0.6803733228973563,1.4378465606522477
0.2278996634461053,-0.26267094279594283,0.23875987744013666,-1.2136820681226286,0.5720825212492695,-0.18696843110133043,0.2938352851367025,-0.2555652531659832
-0.4355413184122423,-0.6899411006087794,1.1976170645134872,0.07056395118679455,0.1911779318643673,-1.1636267333346728,0.04137839037060044,-0.12859747347978953
-0.6903042878954277,0.22207276615955313,1.2189203644216577,-1.6730542922642464,-0.04013055868333421,0.5526368851530454,-0.19710994538718365,-1.2814668100879074
-1.3601564305742844,-1.5054822634398006,-0.8333729742605239,-0.6376173419373231,0.9047683836679029,0.03112031599931884,-1.5652224551046208,-0.8931351711740623
1.3055323681101805,0.2501984708716827,-1.2057373186362643,1.3518432684613364,-0.5342331587501508,-1.1541446138955143,0.7663105356450896,1.1927421251195993
-1.4698337144408031,1.667976240439843,-0.48935526018219794,0.23192169030596457,1.0978645855393523,0.8750289460844399,-1.532725773867734,0.10265601426331296
-0.9723675910468715,-1.504585267312488,-1.5680159178924107,1.1710861300611557,1.2279735683338655,1.3206885597248972,-1.466590185938787,0.5100130311023917
-0.5109406491827977,1.5613231924240552,-0.6784010206570069,-1.32686714553345,-0.3188429787832793,0.2776554214174441,-0.7315612623920241,-1.0662695765844534
0.14075105778207034,1.469625436444766,0.23971087197152954,1.7699119006562332,1.553942517225691,-1.6566969441709234,0.23558139205770492,2.198006548955489
1.0217451756754923,0.14019194769338392,-1.515176693443195,1.1893794476781612,1.7258215189672532,-0.9170916279165476,0.39766417246838703,2.1954190167847343
-0.06397576755930057,0.9373399352711782,-0.5311353684228274,0.7538819003299633,-0.8283427373752913,-1.0593234195039276,-0.2540509330996825,0.01632865634475743
0.8591493415879046,-1.3901050017548,-0.1528590753479788,-1.0638944069476812,-0.2630589154380852,0.19231634646501614,0.7295667082434356,-0.4560992690847057
0.2277682573045308,1.215561581477702,-1.6627544619586652,0.26334047005736944,-0.3522683099771414,-0.8981273890382303,-0.40382464669289375,0.15070608745679492
0.3650324903218698,1.1468016280064237,1.6103441315265727,-0.22439215322592776,-1.5866530165989756,0.6095296017879974,0.9252465059466307,-0.5743800675353454
1.0969396174649744,1.3388857930317057,-0.08798527321895472,-0.36591198029790406,1.4039636038031142,1.387063395799008,0.9845701707485055,1.4114431800542961
0.8148607103760248,-1.279045750933346,0.15153260755367895,1.1417313024291875,0.1972854734897888,0.13542362983006415,0.8160541639873676,1.0758785891530298
0.5899687989373854,0.37270401630762484,0.7586461665044508,0.7479738934062177,-0.23239153474791088,0.41988721300482407,0.8290961668387827,0.7335443350770774
-0.3786556706891323,-1.2262862678493867,-0.6831102416976766,-0.5767980508974287,0.1833906015573015,-0.7274492391333743,-0.6053314107149762,-0.6522562358936083
0.9293533821751143,1.280128195750494,-0.5316660613332077,-1.4889979469077,1.2455079675479939,-1.410161838752798,0.6584474349266439,0.5469175211011225
0.889423608043973,1.0578196629309136,-0.9018272657569087,-1.3061697359944706,-0.3924030972596773,0.7233150350579013,0.4792831932955607,-0.3613521076849934
-1.6222017388299155,1.6236226712732533,-1.4895753711877953,-0.8037073976410667,1.7205736692494857,1.3775812763598492,-2.0469343913962503,-0.2860428391403542
-0.637054384583569,-1.117784396119041,-0.533724670593075,0.8462627337847131,1.3673756189326671,-1.0403591806256103,-0.7757245246857322,0.7122728367126259
-0.24662901840187698,0.7228566351269483,1.3116049354340031,-1.4784855232266878,-0.07833434188190622,0.3535123769307134,0.24816070555236436,-0.8597738390136591
0.1933404672974186,1.2432437054693635,0.1415780057526399,-0.32395300982013975,1.243497940544885,1.7094554567304023,0.23423847911150186,0.8168886066337901
1.5294060205916522,1.111750295120791,-1.1681126395001078,0.18796701443150662,1.408779505570778,1.1594925292592,0.9880331279986543,1.8896001767779038
-0.740437693420567,-1.5356136114511658,-0.8160277761009713,0.9321166385132076,-0.5311268645929847,0.03112031599931884,-0.982676757446485,-0.45918324616825107
-1.588710511459356,-1.710204069852309,1.4593281232460047,1.5631092588712732,-0.3025808652192922,-0.2533432671754411,-0.9205942924348278,-0.35388673501738455
-1.0784065188181222,0.3123093206533024,0.7294316210638697,1.6913644341678387,-0.32172943308006924,-1.6756611830492407,-0.717826994579693,0.23902951345043721
0.4765282576364285,1.064281972531478,-0.7800883790307339,-1.1757940738405488,-1.1603988803126126,-0.8696810307207543,0.1405779869491045,-0.9593708265353793
-1.3571454772847495,-1.7026436534730398,-1.5721572041742429,1.3696183691539003,-1.5193265118657622,-1.3817154804353222,-1.8333060181388054,-1.2010472222099675
-1.2533229040198364,1.63215819766029,1.1863026134623418,-0.16615179061280638,-0.20526654630630242,-1.0688055389430862,-0.7207308009151201,-0.652509617184957
0.5776453393786468,0.004599453617057042,-1.02477136329799,1.3583394954357084,0.7045627489088996,-0.044736639513950474,0.1656181594707681,1.4583184629549037
-0.8434050823921255,0.45030457635115734,-0.11578114832840979,1.398589112104722,0.8236623154616592,1.7379018150478784,-0.810366332908829,0.8341833968948248
-0.9951762748478616,1.215658035230065,0.7862050906615692,1.58575092250451,-0.3387670324754035,-0.2817896254929171,-0.6204256802387401,0.3436554723388745
-0.24482249649652985,1.6823855541132353,1.4407823363063461,-0.9041501410584297,-0.15263358782016764,-0.2723075060537584,0.30091039808651876,-0.434692936508406
1.1356624499055947,0.6768282132160385,-0.5576679818120056,0.3718466657736139,1.0057697260047558,-1.2868942860437356,0.8493419752307518,1.5106132277155608
0.59857998209548,-0.9806932720990496,0.6705140455036701,1.20334169526617,-1.5447980826472858,-0.8696810307207543,0.801668194141537,0.058247547822595704
1.5452800214218767,0.7741843748140509,0.2574414479913483,1.5669621074195021,-0.9325564547378327,0.3345481380523961,1.5285443491388297,1.3837507854688584
0.48248729860731254,-0.3344817167941332,-0.6969587842267684,-0.9359784431295862,-1.0610559080879376,-1.3153406443612115,0.17829620209397243,-0.9474128955534498
-1.3445075161114337,0.7456056069204744,-1.2086886763752225,1.7111940934873182,1.045510301191648,1.7568660539261958,-1.674554063000163,0.8245219810131743
-0.4609173519847482,0.27650669596103467,0.6841460137632067,1.03719571475103,-0.9700257259423892,-0.6990028808158983,-0.1705305990449749,-0.1536782205808706
-1.435207031715583,-0.8895455567105465,0.5870704843987575,1.1334700271007088,0.061402795237263136,1.6335985012171332,-1.1021539543800924,-0.24060064423602537
1.6197950288493943,0.9429003964129895,0.13981008000481157,-1.1197870677827375,1.3447548660866875,-1.3153406443612115,1.5470433259411778,1.210635010068123
-0.6614404823595057,-0.49575400131069935,0.20537400688376503,-1.5719337598887648,0.7709993855067694,-1.2584479277262595,-0.5415120271256528,-0.8988892782415134
-1.449290231047777,-0.7571143259167394,0.5308435373734386,-0.25391671529444304,1.6993693041222562,0.4862620490789347,-1.1376583681999128,-0.08969119465504301
-1.4619670041713946,-0.23114897611156468,0.9216038662433714,1.595225053803757,-0.27544086207038404,0.37247661580903074,-1.0016489273506481,-0.0759598382511019
0.5934452306432283,-0.25660682407235313,0.8668993508768696,-1.5984713770731858,1.6030030760388037,-0.9739843445514996,0.8655538830812313,0.36509383342398305
-0.5179153785783208,-1.5794731184904531,-1.3472544793748373,-0.47477551172234267,0.4362819224549465,0.761243512814536,-0.9779954754180079,-0.6169358498179335
-0.9764570214536354,1.4104366611364962,-1.3788719491984094,0.5985857894436464,0.46591964335905744,-1.0119128223081342,-1.4061486693634233,0.15159906465604517
-0.30649374041782473,1.635550888723434,-0.22645442153142126,-1.3427833594205352,-0.6293103527818671,1.6335985012171332,-0.3769044904786558,-1.09757344244349
1.1080416242901356,-0.5676186214914267,1.5614334382121846,-1.6076667381677086,-1.7010741072235334,0.6853865573012666,1.5845684557598845,-1.233877696084791
-0.04865265926136249,-1.646399133798303,-0.021157877479836426,-0.3237014405154479,-0.23372203107946352,1.44395611243396,-0.055989782824900004,-0.5726378310200613
-0.9097934416057553,1.6194594299131162,-0.07405660942345899,-0.3819985253091688,1.0546584143921,-1.2110373305304662,-0.8656101485806273,0.07091258078877195
-0.7945860010283177,0.13587041638811356,0.5005070370040307,0.00766213768167965,0.5284790974446977,-0.18696843110133043,-0.5468866550461631,-0.10889588042594711
0.2607889285085582,-0.5906855031124,1.5306052524221705,0.3421635062068131,1.6152201459784183,1.2543137236507866,0.8150294146767766,1.28102424601287
0.49067619025564735,-0.5886051110737989,-0.5164058369043459,-0.6611893574058193,0.19104945470657705,-0.37661081988450373,0.259111515518563,-0.09267770196369486
-0.7905480543256185,-0.6166393956186658,-0.6822283760726124,0.28869666207335226,0.8632357940912008,1.4913667096297532,-0.9775949528910738,0.07480783628870384
-1.1827808993164253,0.6521425256324241,0.7214716004782221,0.7511393018768365,0.7605762146428398,0.6379759601054734,-0.8184038531243325,0.3059013135596689
-1.1566014482307418,0.7892346433591236,1.3957068521437284,1.5643332925203073,-1.4775695147803365,-1.3248227638003702,-0.5489504029739892,-0.43744475642693076
0.34238735319746516,-1.2726285282217347,-0.3643426609720619,-1.5333935200699425,0.5384627537739022,1.1215640515025653,0.17438680560781383,-0.5633527789407896
1.0403346982061774,1.0084783347985606,-0.7293638508540177,-1.046863402562001,1.2974322052637945,-0.08266511727058513,0.6906446773064489,0.8457945987964897
-1.1268668444040952,-0.9675835275171024,-1.033942366147285,-0.8673175543842964,0.02153447505270908,0.2017984659041748,-1.428559859501681,-1.3325885084643614
1.6533166329597841,-0.374679830512748,-0.6923253394499929,-0.8690121412512158,-0.4509869525626937,0.6569401989837907,1.2644733106357684,0.11781562967827339
0.9563176068966471,0.3397971315026589,-0.032840602832185845,-1.481458670143117,0.17494898783141846,-1.5713578692184955,0.8633705697389055,-0.14504650478145903
0.06272152820464999,1.4406573016932507,0.6660041186344421,-0.19680408496232507,-1.1143894871043987,1.4344739929948012,0.2989392572899509,-0.47931111680636773
1.0252416213617537,0.0007447634140961657,-1.6489022548618562,0.4657582342255098,1.6137745684628537,-1.0403591806256103,0.34670749068495,1.6927081874157328
0.8976911810717698,1.46162242792144,-0.39383000058517736,-1.6623018850488027,-1.1058950537474508,0.8181362294494879,0.6698984027662702,-0.8842939556084601
-1.2786633298257895,0.09687872148995637,-0.3932140679597489,1.4150283572802567,-0.5332359082179406,1.0836355737459307,-1.320380424582829,-0.2513704492956896
-1.4191973754650176,0.6441748580252282,-1.482227879640939,-0.12706700451357983,-0.350755967601976,0.3629944963698721,-1.8610720779560685,-1.0995141243257731
0.6975958575861376,-1.6045230795039367,-1.5572523726095564,-0.3172953103622632,-1.4857637677090754,1.5956700234604986,0.06066742187148811,-0.934073494008078
-1.4042297438930782,1.2362509733524625,0.7255774339147566,0.8179726164570519,0.8067432911582164,0.6664223184229493,-1.0207579225928416,0.3211476304582937
0.1681067068413133,-1.2926226584048406,1.30799636203555,-0.9637588904946748,0.7695824556899185,0.39144085468734807,0.6358935212270065,-0.1125533047751384
1.3855579157979052,0.9990486654528713,1.5258121991945213,-0.7086299010416627,0.2165769963767029,0.3345481380523961,1.8410249550063724,0.7512930521848618
-0.8585690731282904,1.129954021346782,-1.1311928732318812,-0.8451013287558327,-1.7235170466278105,1.0646713348676133,-1.222903748399042,-1.8827249762393081
1.1514074652490487,0.7854463604452424,-0.6580697560167303,-0.5718108925950055,-0.474298897351881,0.8276183488886466,0.8153837870881815,0.14161748024937196
-1.6413529981243888,0.03510347625712618,-1.3764202780976926,-1.6545803381527864,1.5589090324514645,1.2827600819682625,-2.0288325202306057,-1.0860486196896486
0.5933232992229066,-0.20926520875442858,1.2251312905476133,0.900940639480043,0.16489229797438226,0.9793322599151852,1.006983287327413,0.9983172770848351
0.533100510454097,-0.37677842315000626,-0.9995967675733882,0.43567594775378304,-1.0636385051504083,-0.6705565224984223,0.12125816195931052,-0.15820950835664935
1.6124241849575218,0.3626931683832802,1.54381539579793,-0.2885562374197861,-1.5732749020773078,-0.8886452695990716,2.0525458578333056,0.01348009139926395
-0.8279953866164528,-1.4002515298195566,0.44235220182337337,0.14346230518905748,0.9085960040443981,-1.5429115109010194,-0.5973097110235426,-0.04551891034322431
0.3796636230281973,-0.8812011413392541,-1.5042898858025662,0.6413389058040497,0.647413955477737,-0.680038641937581,-0.19922916580459366,0.751677245409102
1.4908390218943128,-1.1019640864851448,-1.1728071847263615,-0.49889371815559125,1.6093365108583237,-0.7748598363291677,0.9468811424401333,1.2875385977841534
-0.635781996437457,-0.5723195055270612,-1.3365625430204076,-0.20379578265612072,1.6854937909721,1.0931176931850892,-1.076170606104291,0.32225710911962624
-0.2261524704966627,1.2391556557387844,0.19035323158931416,0.6536027196580533,1.1808371324847442,0.03112031599931884,-0.129751017244073,1.0977250440113462
0.1604499703960778,-0.6981451954231609,-0.46019033256960806,-0.3230683304180547,0.7791620790018399,1.3775812763598492,-0.020894807001777774,0.23319972023051133
-0.5936292411779284,-1.3074462213252562,1.1251244228032482,-1.3032172927013155,0.04125466929567355,-0.708485000255057,-0.1403240893901581,-1.1805858819187351
0.5040334078003628,0.11737634763076724,-0.7190918320034403,-0.5909384360866199,0.3227394722526179,1.4913667096297532,0.19762087826476907,0.11501721398808605
-0.3642757428346087,-1.6703833191241302,0.26122252787894984,0.6046828225871627,-1.0612680269128274,0.5716011240313628,-0.2409694831710716,-0.6864453118596949
1.004812482077954,-1.1607955438324091,1.3895532745588026,0.16639885645948385,0.6306557582775756,-0.1964505505404891,1.4451965091811143,0.9649084412779912
-0.01963609524922499,1.542946770621947,1.4027435036551679,1.3399755539078455,0.6844801281054054,1.5482594262647051,0.5114148181692892,1.4382220946030044
0.599129814140939,0.06856561017151327,-1.530179599822099,-0.15247466628947645,0.8020604577949292,-0.4619498948369317,-0.009904094960769994,0.6419786722859177
1.251544032096575,-0.3613259486392613,0.6581527093355758,0.14290041222566388,-1.5291792559871948,1.1689746486983585,1.3942809828988372,-0.07491221057135251
-1.1992569298269207,-0.6733762945884834,1.3427843788536462,-0.24831277813027092,-0.2765571364471552,1.6525627400954506,-0.6142393590506697,-1.0134997797181189
-1.5443764259501807,1.2774173977787113,1.1597223431349732,0.28247436357915123,-0.5402258723978143,-0.15852207278385444,-0.9982006389075918,-0.8072816673021461
-0.9398758335974742,-1.3780450649129183,-1.6028852501514612,-1.453729168177392,-1.1953255705340655,-0.907609508477389,-1.4744990854911042,-2.3445295448760297
0.48487978864402553,0.08270069753759639,0.010496004442438474,1.024505800228822,-0.29063916377458443,-0.9550201056731823,0.4567637074557508,0.7141769995875831
1.431581675856522,0.6894366454395169,-0.575494291942427,0.4884724790266517,-1.3112334263775685,-0.8981273890382303,1.1076921060188494,0.423942342489978
-0.09675203974350594,-1.5078742368327687,1.5455405804310849,-1.2979607516871432,-0.004005877547389285,-1.3343048832395288,0.47394492011023226,-0.9165987600107268
-1.610272036246121,0.112790716313969,-0.7033846625764231,-0.8808516196445788,1.5755045523688094,-0.42402141708029706,-1.7466498406956144,-0.56627743037948
-0.8462046606698486,1.6600000047670338,1.1476320987979762,-0.3044023494909286,0.6835174816542341,0.8086541100103293,-0.3562155673422892,0.016284328526428225
0.1024241209366227,1.521641941996483,-0.5286401226978633,1.0945840794214394,1.5301669804749385,-0.7179671196942157,-0.08794894235323501,1.7382986676002476
0.5564877399099526,-1.7041476321549023,0.01553963502291255,1.48786922723927,-0.5273572548457679,1.5387773068255466,0.5261689653971602,0.6425059917775516
1.575920237845457,-0.405621414860287,0.29713332887093136,-1.60166784291315,0.9980493831742172,-1.2963764054828941,1.5601395422519533,0.5365259856222688
0.04254397904855462,0.518533689904957,-0.49773877772041086,0.6149482111657748,-0.32120287818022214,-0.035254520074791816,-0.14221536930020115,0.23429819247264774
0.4086005245343604,0.9944013682196068,-0.1484896700659179,1.4142713747125402,-1.3628073190467667,-1.523947272022702,0.3258064752204555,0.3935828977319125
1.5345798655663025,-1.2490180721575146,1.3635648118497905,-0.5133241352548975,-0.5200764000987531,1.1215640515025653,1.916440320804921,0.21273454292691524
1.1804246720874068,0.18650383909338958,0.5459304416900694,-1.0797835478491409,-0.5301377075335207,-1.1446624944563555,1.2839337659361731,-0.17560613441097325
-0.38806683858889696,-0.3180603894476895,-1.469047657578082,0.3056304100350477,0.44380944580080267,-1.0119128223081342,-0.8981237847450416,0.07405142685803918
0.27576767965672266,-0.2048143890568393,0.5333300667895665,1.4675622349256783,0.7893446707916417,1.1120819320634066,0.4636700774686039,1.4551849432295256
-0.39605274482643854,1.6457542369888318,0.31409986954834407,-0.6165554964816303,1.1575366606179627,0.34403025749155475,-0.2484674450046912,0.321384299377824
0.31888698593048487,0.5164568434371073,0.23051632057315802,0.3804035819006492,-1.2519356316408834,1.6525627400954506,0.37725493772115004,-0.2296085350476004
0.8481088308877509,-0.5825206205155472,1.5580374511290676,0.9127834379613515,1.5921898598154367,-0.594699566985153,1.3710496568668926,1.9394173170295956
1.1197788952366543,0.6193195702450757,1.2694050578568585,-0.466180923953402,-1.2759755925869398,-1.523947272022702,1.4961517236845336,-0.18619084209292483
-1.3021096352300388,1.03579945540591,-0.2913471587161208,-0.10977811522155917,1.4168337951271115,1.1879388875766759,-1.30548174180865,0.11312455719824709
1.3966094077130786,1.1624868522633671,1.4312981329776504,1.5649145107867684,-0.5285383483643289,-1.4480903165094328,1.8268276538609267,1.648167556014303
0.045072300047821263,-0.935836538596694,0.7041324158851969,1.5252479052921433,1.6122796174578167,0.6948686767404253,0.31710020736970135,1.735234590118924
-0.6485750485254559,0.2010474677893941,-0.6472872866621074,0.16747880108191832,1.177022803972486,1.045707095989296,-0.8328029043142756,0.3812606235296338
-1.1095304297499495,0.44226268927075174,-0.785925937236551,-1.5357381540527284,-1.0733221881492707,0.31558389917407875,-1.3287915142742652,-2.1253618882688268
1.393376333206995,1.5814771973858908,1.246547178581421,1.3478250064440545,-0.7310374078379726,0.06904879375595349,1.7535575052400865,1.4524851893220754
0.6854255759225072,0.11297830574779597,-1.5135025206236572,1.6747269758445265,-0.40963586996589213,-0.566253208667677,0.08201401500538703,1.050565866515362
1.0463878937216626,-0.0278353890340207,-1.4851315161434944,1.0518152432537133,-0.35707999056375456,-0.9834664639906583,0.42247161271630274,0.9173931064699156
-0.445444542980488,0.6247271393919078,0.0487624678425359,0.17945389501454267,1.4438841625491399,-0.3386823421278691,-0.38659690705002897,0.7574254124117952
-1.3258365638007974,-1.1641248388584007,-0.5569208534367324,-1.4776495549827424,-1.2935642639044815,0.1449057492692228,-1.4448675381889713,-2.549739792342796
-0.5899254665249001,1.2159489720252228,1.599568971785686,-1.4941666956792792,0.7106776033581793,1.6430806206562918,0.04059706708288884,-0.533370486554602
1.325665721619041,1.4552983345534465,-0.6830968558116601,-0.8396067966038783,-0.6239511291578307,0.9603680210368679,0.9651047948760417,0.0941177989457728
-1.1254715052245234,-1.6603462113745078,-0.274868762517368,-1.0355022026953298,-1.285659571239137,-0.21541478941880643,-1.152961402556434,-2.2266571493758693
0.7396991137830141,-1.0449250860754709,0.13424444765657859,1.528943839628621,1.7386380804648862,1.074153454306772,0.7486458850463452,2.166886084963023
-0.2125830947739264,-1.2866990379575385,-1.5102281891543237,0.03400676844727762,-0.848464053418687,0.3819587352481894,-0.7581548601725339,-0.8530902026384252
-0.1431927510772089,1.4709726525218778,1.5888670795618336,0.26473436518799326,-0.015562496807753146,-0.8886452695990716,0.4569438112460484,0.35139198660227233
1.6923302187727258,0.18368065417772164,-1.4592352896336942,0.4623019910669389,1.6306244557237604,1.1689746486983585,1.0332046015948457,2.1253293479706716
0.2727243700468953,-0.6243632019182159,1.567928413242693,-0.6650448602279775,1.7373160540679615,-0.14903995334469577,0.8343762804384811,0.7794277775862111
1.12053700539277,1.5444814571054448,1.6200541948049794,0.08283820788316877,1.645560234908877,0.5052262879572521,1.6414646977094272,1.9472823994504684
-0.24429191686819066,0.5117770746840491,1.4357449825931565,-0.6533673081523769,-1.418578094224375,0.7517613933753773,0.29575352813449673,-1.1754067875158216
-0.8632921927027786,-0.8914364030615665,-0.32008409228182116,0.506517558243963,0.6619706198931095,0.6569401989837907,-0.9104903953808055,0.02533666659572486
0.07017590008287233,-0.8466659921033147,-0.2578609504391784,1.2157205214352933,-1.7197448048714106,-1.3911975998744808,-0.030292978514698095,-0.37863600697151295
-0.8486077715457704,-1.214206013250399,0.8902113818693346,-1.5726283179206206,0.5867738808529805,-0.8601989112815956,-0.4621495884377948,-1.1719682218743432
0.05135708272777094,-1.6105321858696333,-0.31933778739996427,1.7758845971457193,-0.8660163567182443,-1.1731088527738316,-0.06390855002128125,0.3120420538630136
-1.0570824619005184,0.5216225678917505,1.2094469427354055,1.0847212231204624,-0.26759506105433173,-1.6282505858534475,-0.5239927498976543,-0.008150248073603195
-1.3001239167738714,-0.1628883851563072,-1.4668648195644702,0.1966873004198961,-1.6992674640121277,-0.0921472367097438,-1.74898041958337,-1.7259706598791775
1.3251903218778749,1.29976037691387,0.9733416982609074,-0.0678018586728434,-1.3080169720761685,-0.850716791842437,1.57885724379991,0.21853307515058867
-0.2768743901237854,-0.474955444222056,1.5986013725715884,1.7041608070567482,-1.0417935810873091,0.4388514518831414,0.34104258513033936,0.24480409965699293
1.229375362785803,-0.8004203775784631,-1.3417785297349787,0.8452220296524666,-0.8434658162106221,1.2258673653333105,0.641200884284636,0.5306346429722797
-0.5759672040175127,1.1471431096527318,-1.366614166042061,1.4599799224404035,-0.6320437615393009,0.3061017797349201,-1.0309259622509936,0.21403802195158306
-0.1853823460017894,0.7363746844438145,0.5529278113203171,-0.3325338195142662,1.4734328039866955,0.6664223184229493,0.037163276164792286,0.6776451834851562
0.47073840939654865,-1.6945971634220112,-0.8346873991787808,-0.616376453368824,0.6330751916864008,1.3396527986032145,0.12477582664819932,0.005412829891630451
1.5209717798430964,0.5285280016918491,0.8773810434193233,-0.20653742258785693,-1.4520315396330665,-1.5903221080968128,1.7226862868110884,0.06037236420588542
-1.199157062008086,-0.3232236967219774,-0.6865921909496344,1.1002595636262837,-0.541681147944222,-1.4196439581919569,-1.3573784309815695,-0.4640637288543706
0.4383631881417961,-1.1358378643222695,-0.43055167903522945,-0.8406125504582111,1.5729732568072718,-0.992948583429817,0.2467825523989734,0.4959384787767207
-1.5920688957064926,0.7731178303791065,0.9567373555057199,-1.5661463092608796,-0.6774692120951423,0.06904879375595349,-1.1288847113169462,-2.0513641072031232
-1.1595609997980896,-0.1802468584645328,-1.222263179683291,-1.2938328864470727,-0.0379299520255512,-0.8696810307207543,-1.530954438497628,-1.533405367839794
-0.7131103276171122,0.9123831947674244,-0.4517049349575427,-0.8625170580227685,1.6244859229077162,-1.3437870026786876,-0.8242740527313399,0.11891048463092321
0.8298726016761955,-0.8010665719164611,0.9768391451079736,-0.7513142100064025,0.10794430955930169,1.4629203513122773,1.12360320516231,0.06374677867169566
0.8064041290287365,0.8829702599107986,1.3447357007107164,-1.4946284695999348,1.5605901320130253,0.23972694366080946,1.2396599470349063,0.707226837490244
0.7268283750785054,-0.09272059188859798,0.6891847960944839,0.24551846882774495,-1.5092765589715127,0.6190117212271561,0.9217417349416434,-0.272481776453812
-0.5310409407807865,-0.4282839828742853,-0.5003854044819571,-0.04548569479150875,-1.0286714149598655,1.5103309485080705,-0.6800149748348144,-1.0120256425620817
1.6999927694349335,-1.4145708392525427,0.13526742727121702,0.13027040753622407,1.173898711437454,-0.793824075207485,1.6256146216518819,1.5533927727857246
0.3198710796219511,0.3851239283219494,0.25771385641548644,1.3012987800860598,-0.02067785109068431,-1.0972518972605623,0.39848460588966633,0.9863255584840288
1.5049803338021557,-0.9697166222627454,-1.0951783875482708,0.781144579334112,-1.481551674114996,0.6569401989837907,0.984049406313769,0.28064234646189706
-0.22199334127123183,-0.015241649698600337,0.31916265019358386,0.11999672498336618,-0.47760372204508283,0.021638196560160174,-0.08827621359511456,-0.31785043738575597
0.29674632136683704,-1.0063991753407955,1.3784837809441857,-0.8556874514921896,-0.4726179704898894,-0.3386823421278691,0.7766027574460027,-0.6439153404695053
1.5612073933890127,0.7497595681233492,-0.5140809557242643,-1.4676887906001885,1.1172515635412292,-0.2817896254929171,1.2481833767820498,0.7830016833093028
-0.43147419440745016,1.0044357760639073,-0.7787047312166876,-0.7147556958675847,-1.0859027173830185,1.1215640515025653,-0.6947658190091945,-1.1906496504937347
1.392195354947535,1.2702103713296915,-0.3692398493764211,-1.5392587155602968,1.3436318169966348,0.7517613933753773,1.1461792295225446,0.8523590787012462
0.6601232593541279,-0.05047000023060459,-0.24945768961179204,0.5992535559903853,-0.3359718725432167,0.16386998814754014,0.5198382141879758,0.514001205636603
0.9611782680334708,1.0122661161415665,-0.9205018601029363,1.1010235424092336,-0.8782038544776583,0.8750289460844399,0.5509668383859331,0.7717919492779307
-1.0692806008843667,-0.23151432867981692,1.4319429759527857,-0.05161187049933132,-0.4945756378373553,-0.1395578339055371,-0.4607936783066731,-0.8847161700259762
0.007743863717169487,-1.6294928512600948,1.204211498958195,-1.5109091521784468,1.4554678133359442,0.5810832434705214,0.44876702752181324,-0.17816382532725636
1.4322141446812466,1.328911917115453,-0.8963950425013311,-1.3477416958260888,-0.4089715442910034,-1.248965808287101,0.9825016843005093,-0.04084728245122287
-1.2953047135258058,-1.459021138937318,-0.4633610441780201,-1.1066294859133297,-1.558984454070104,1.2258673653333105,-1.3809962876695179,-2.5064159542335207
-1.0855196035585903,0.7689676886230431,-0.37114958077569477,-1.6939697567205636,-1.58309324550427,0.7707256322536946,-1.1561399035525677,-2.425197521387555
1.0237110817414277,0.9416766195874029,-0.23982677378786946,0.37205205940852265,1.3218768889254593,-1.6566969441709234,0.8647274842423256,1.6809231068301662
-0.585438473889509,-1.031270427308995,0.639759278845927,-0.27653088269499093,-1.4558633710836895,0.0026739576818428446,-0.31196353593582316,-1.4363945318423856
-1.6344826045560525,-0.5192123793347304,-0.2656450403858777,0.17433968999435495,-1.4105094892765166,-0.23437902829712376,-1.6128784412512147,-1.7472101672879499
0.6549722448707972,0.4902819573352026,-0.7197121230516305,1.6517959642886082,0.5394484182737276,1.7379018150478784,0.35103006481696397,1.660517288142643
1.5410519244391485,-0.7882021051748641,0.10863550893785241,1.1575360748477874,0.2703571092246194,0.3535123769307134,1.4715848395863411,1.614587201653066
0.273311665776118,-1.5162397758517867,-0.6383502228999717,-0.34404410270082747,-0.48619829881475485,1.1500104098200412,0.012203438639294044,-0.5591608377262437
-0.8837383045718326,-0.3111290801207421,0.4130671601423973,-1.6885061350794477,-0.9117806628526856,0.9414037821585506,-0.6773820344549338,-2.0215237064875446
0.8808975573214539,0.09865089774565285,0.6354396754821277,1.32809224343412,0.02258371596670533,1.4534382318731185,1.0566920739894345,1.336538294374359
0.07336140484254773,0.5406532852232978,-1.7142617828566895,-0.11193257825467502,1.075433318256678,0.8560647072061226,-0.5622606251427777,0.5686326022293123
-0.392729569932998,0.1802174371494682,-0.10295836015971271,1.273280892605758,-0.9951437806724114,0.021638196560160174,-0.3972449256542021,-0.05204933225927736
1.2144841651061145,-0.21131096850689565,-0.6749493077618243,0.9445783172500977,-0.38833006715739166,0.06904879375595349,0.8764823154382958,0.9582440170431946
0.8384308942141702,0.5126606998233006,-0.6317407907737853,-1.5949185323918689,1.3392851517888662,-0.13007571446637844,0.5370162663200989,0.3767436364843464
-0.7707565909950723,-0.2988935208917536,-1.6865854698136098,-1.1336872120982449,0.31055214253710933,-0.3386823421278691,-1.341118696970837,-1.0586270269874614
1.452630456656034,0.7829162573483389,-0.14005351346486986,-1.23946355755665,0.6266895701801148,0.23972694366080946,1.2855696246660058,0.5955456583029904
1.300175262068371,-1.454732793872299,0.2157430918818084,-0.8294750985687263,0.9604793531183343,-1.2584479277262595,1.2794717997340896,0.6483246678844538
-1.5311987296295644,1.2720636581546871,1.401061973699867,0.41670688872241674,-0.9969421961887602,-0.4903962531544077,-0.8978152339259096,-0.9710493571130228
-1.523855709001234,-0.4656101582283996,-0.4835518014218647,-1.0061981065439802,0.21133164043643274,0.19231634646501614,-1.5918002324291427,-1.434611587417809
-1.1220870708365178,-0.3704736700179853,-1.353192819301681,0.46187289614755733,-0.7272539072338309,-1.3248227638003702,-1.5371263242209994,-0.9355901949205249
-0.3869033322444995,1.4380846897463546,0.6888637554829112,-0.9877352870797524,1.108748002747993,-1.2015552110913075,-0.10390328048612,0.07998079611792955
-0.189831761871687,-0.0361457911468642,0.008225938425320422,-0.14079609762771728,0.37027726162866176,-0.6041816864243117,-0.17171547210631574,0.016330778466827046
0.4904998461578006,0.46331488075291594,0.8668418224539609,0.6903203299826177,0.8713953760971582,-0.1395578339055371,0.7812336441522294,1.293160659012227
1.37817536820108,-1.0427777776098566,-1.5412285189054893,-0.022191592901987,-1.1595731151544886,1.4060276346773253,0.6985071000657609,-0.10423167591533186
0.8835988445405728,0.7657523776370081,-0.6507368432036739,-1.1009472364231485,1.2718360726923907,-0.0068081617573158195,0.5744341420469244,0.6803254793271136
-1.0259513795386481,-0.8723907791616522,0.012226606662691167,-1.4443083097123683,-1.0538002703887175,0.7802077516928533,-0.9562003986284422,-2.1457651164765696
0.39884239811325006,-0.7207198075787361,1.5755059173717723,1.7223640237753939,-1.0603839430711652,-1.6661790636100822,0.9567429069098925,0.6038588233246781
1.3708312087865568,0.8500545044695441,-0.48998670493235075,-1.1729961965100653,0.8646716822874138,0.3061017797349201,1.0819801460537426,0.7109467036272819
-1.3867089370227768,-1.3200621932517915,0.9814632426011464,1.6790028579943608,1.5825859369245858,-0.016290281196474483,-0.9024254362210005,0.934952982712494
-1.2200410685502001,0.35598666100680015,0.06942813140206373,-0.7568975351436051,0.5892627136474035,-0.11111147558806113,-1.1035347406221359,-0.7545447873739272
-1.5181639050012903,-0.293686300035603,1.2366593274722406,-0.24707049934352934,0.49060081079259005,-1.46705455538775,-0.94497350871144,-0.7140090914458589
1.4943292368621426,0.4621026464643276,0.347942655835671,-0.0034311991848760353,-0.9921460745289125,0.25869118253912676,1.505343609427996,0.384546966925078
1.3078040757080722,-1.445760342099323,0.3137561658529621,0.5878990920137447,-0.6059446601558321,-0.3007538643712344,1.3249536001500468,0.5734346921977211
-0.5653362129449694,-0.1356501973185081,-0.0158098533458378,0.6626137447393449,-1.5145195477982218,0.5810832434705214,-0.5302204170756367,-0.8372789939652907
1.4541799698180151,0.9036472401768352,0.2767405602427128,0.17646464341467213,0.9144719267704339,0.40092297412650674,1.4506142557270483,1.6116449415544263
-1.1503558079319276,1.5617447310639232,0.9347976222661333,1.546485514823341,-1.2409323194978672,1.4913667096297532,-0.7125641946391769,-0.23012339170967777
0.8149552077543548,-1.6359535263232554,0.8481795682907578,-0.69144284615863,0.24990582238434955,1.2353494847724693,1.0629757800230926,0.049473344071065906
1.1920636093278068,-0.07240540203379743,1.0395921459634525,-1.127600478774766,1.10252075030393,1.01726073767182,1.4832823753473658,0.7320436979466395
1.0895558940976768,0.6480928387519692,-0.5262794683830603,-0.7475428034282133,1.7243579808958125,-0.36712870044534507,0.8145632890035235,1.252866190048095
1.588384800048139,0.6917763119433262,0.5374158352567479,-0.9773771790626448,-1.124218767869062,-0.9739843445514996,1.6560612206003937,-0.15098918754456964
0.6414843054518644,0.37634638204919846,0.6330575716610005,0.5755227242193831,-1.1065414654199162,-0.850716791842437,0.8257949360778113,0.15766003234126033
-0.20068069073870595,-1.4359990285915538,0.9126870805663896,-1.6061382346021933,-0.3861915520189961,-0.025772400635633148,0.1406607757169703,-1.3992307076331962
0.7945798827435786,-1.3965003152899604,-0.5858788528751853,0.9150565263327959,-0.6209445801188876,-1.1446624944563555,0.520112004835705,0.40714400745875107
-0.06229504408375905,-0.15914672376628092,-1.5952832476744396,0.2105436018314275,1.5486944347185458,0.8750289460844399,-0.6399943735867771,0.8565805260540443
1.7350440701463046,-1.0599329815849643,-0.8653335702464379,0.25079361074959383,-1.2310690505348147,0.37247661580903074,1.2793979208993531,0.25597077573117877
-0.9720677418123742,0.9642310373186431,0.883215491704178,-1.3624405337310812,1.0459185440201626,-0.509360492032725,-0.5752314516055098,-0.5647796727434344
0.11236251323512415,-0.27712943004939866,1.5674316636687617,0.03891414609599582,1.5164054201309838,0.3345481380523961,0.6894117885859687,1.0092617985591894
0.012120373342263334,-1.1316429805150707,0.999724195637347,0.6358929743573503,-0.10035490150977788,-0.4145392976411384,0.38387972981512325,0.2172819703030956
-1.6291990828012666,-0.7951249090507707,-1.478352088132691,-0.25063299946929707,-1.5519232424325673,-1.3343048832395288,-2.0594537856534414,-2.1760733059829245
1.5418339441835511,1.2381906752808578,1.0056577193896754,-0.2605237287390534,0.6333407568604842,-1.4480903165094328,1.7974531475447133,1.3397050059905018
0.881371688102096,0.89811056652179,-1.0552228168256796,0.9312964296592173,-1.5994721664139357,-1.2015552110913075,0.4235587897941832,0.19185043599925142
1.2743777316912173,-0.9939520816522908,-0.9512885032901339,1.3939226469142656,0.9275594466140357,0.23972694366080946,0.8373165853278192,1.8810402451287656
-0.5704873453430488,-1.1374277462434021,0.09820695966578923,1.1750939009264278,-0.43593907091579126,1.273277962529104,-0.48578198957056906,-0.05935651865165517
-1.2765118747590398,-0.3874518626362373,1.6915452977566041,-0.7511429751928611,-0.3187182214364609,-1.1541446138955143,-0.5597490131726908,-1.3111222369555917
0.2420668995590895,1.2915501282979065,1.532661361181856,0.05285112845234398,1.3676727769254584,-1.4386081970702742,0.7962486282546848,1.2192037764148704
-1.3384481608664553,0.7514093384336317,1.0617633484039972,0.48698279547481843,-1.6351987910946786,0.9224395432802333,-0.8474007466714177,-1.274439945201602
-1.331495383823009,0.6036015639291183,-0.7653918636590369,1.286517532694421,0.3190411347028875,-0.4903962531544077,-1.504058655449523,0.17967350579605326
-0.4049383836045809,-1.154824872412323,-0.24739847542490168,1.389029539284689,0.5283730661130949,1.2258673653333105,-0.4555427983785278,0.6892549042295637
-1.616988038563588,-1.5934064180187635,-0.22514062452441264,-1.5992243636322088,-0.6838577918863182,1.6335985012171332,-1.5896075969750327,-2.4791491987214123
-0.2098094533068122,-0.8844668720136707,-1.6416889823100984,1.2379995562032722,-1.454365224861446,-0.5852174475459944,-0.7993730569675468,-0.46268000560431144
0.9322269970270342,0.7887166317083517,0.09380824129605762,0.3691578854946062,1.2677633488737308,-0.765377716890009,0.903284306524698,1.5934724800443703
0.04088635099818884,1.3008584485408807,0.21226225437965013,0.7835911052489356,0.9398046816721326,0.09749515207342949,0.12488463096202808,1.1994682800598715
0.8775428917513316,0.5940274010931712,-0.7602843880771436,-1.7055688002157343,0.014039383574798553,-1.6472148247317648,0.5197680890668875,-0.41890324046562827
-1.1446846615189399,1.0256813592546412,-0.793229388916873,0.2841699105691198,-1.2029862221097043,0.789689871132012,-1.3535902323046165,-1.100272875627128
-0.5074631557913301,-0.4490046942754052,-0.006203016059424533,-1.1383761114960087,0.7404655668315544,-1.6756611830492407,-0.47502508630851453,-0.5845246844065288
-0.9548523796394884,0.04773487371020154,0.9617570307578323,-0.07789872594443423,1.271167467566355,1.387063395799008,-0.5220277883566269,0.18870916083014758
-0.7958076227636711,-1.5140323758251313,-0.3759025500680203,-1.2920990218019646,1.4829172743197052,1.7284196956087197,-0.8763159731751171,-0.5819113471914501
0.47139711548810614,0.08882395296541613,-0.8797125706876555,-0.4044993769087121,-0.02766862674327936,-1.2679300471654182,0.10780332111403611,-0.011225019836236787
-0.17507936820518877,-0.47683933869715794,1.5845678267176702,0.9201908745628836,-0.41609465068657714,1.614634262338816,0.42773281852536166,0.21298158554823793
-1.290103564530528,1.0237343973248128,-1.4620111988871618,-1.4235858760809372,-1.675267889687733,-1.5998042275359714,-1.7471296453609564,-2.4712731123876224
1.2040505163548143,-1.522804336356363,-0.6866444295094081,1.5305100005019796,-1.7228322112139176,-0.31971810324955174,0.8604117302581782,0.34400059725597015
0.6109315347363087,1.0801917369752763,-0.4244387065038603,-0.8850889007258376,-0.6831383040412562,0.3535123769307134,0.39982949581665467,-0.4186600444266117
-1.5919566626070591,0.9333093321383784,1.0171398191421257,-1.683470340320647,-0.8215599987857205,0.6379759601054734,-1.1076748651889854,-2.1755926053277466
-0.2264652810431593,-0.5386661040184794,0.06558355375429728,-0.8056831853547411,1.141203555948061,-1.0877697778214035,-0.18536116848879414,-0.008960942427242378
1.0445886700665008,1.6767334644087613,-0.943694194188011,-1.3899772684969147,1.2201428686186713,1.3965455152381665,0.6131638498495937,0.6863025049929921
0.4514866245777938,1.2182413006590855,-0.08938438388605374,1.7429123224747625,0.920704359138165,-0.11111147558806113,0.39827665675324175,1.9479048638022751
-0.34608870045394363,1.154461035496332,-0.4743487993209443,1.2839297257161169,1.5867753663395823,0.4957441685180934,-0.4809812551956474,1.5706049513788243
-0.618953249001766,-1.6482983105586395,0.2448060913574869,1.7701058827208198,-0.7183287716662684,0.6379759601054734,-0.47407895955935325,0.029968877462484757
0.10209712506951493,-1.6525486470210944,0.7070877501202075,-0.5023672332012004,0.2446274451910653,0.8465825877669639,0.35333349204558123,-0.27159645125838144
-1.456224974319946,-0.9485169827823668,-0.13242486285594807,0.9099644921666483,-1.440264851970726,-1.5618757497793367,-1.3948164279478468,-1.2902651826504268
0.5167657458460697,1.1431652299579795,-1.0092639299256225,1.4248892172977659,-0.9088538745959146,0.09749515207342949,0.10940492637912685,0.6929535551719747
0.4863424206231891,-0.966984165263844,-0.4498061802631578,0.6757257335611215,-0.7678512180173033,-1.5998042275359714,0.28375809190234635,0.07274240265393882
0.5197932792006211,0.8603021995841258,1.6328658859552858,0.22000002764188387,1.2413519014834837,-0.9739843445514996,1.090259303150261,1.3515633312989264
1.5502284406045945,0.6034761959134847,0.7467345055031647,-1.0130854463955838,0.34659110598721926,0.9508859015977092,1.7037614655903115,0.6485973648902045
0.08211850369054687,1.1557586135147397,1.6483437375326493,0.5285888951139633,-1.1783321348469167,0.8371004683278053,0.6839854665458694,-0.07151299528267936
-0.8876353341318439,0.6227422756051415,-0.5880346942268222,0.04208976794314595,-1.0116900959825161,-0.7748598363291677,-1.0410273031168709,-1.0222187419672875
1.0430269509816656,1.3254242992984324,0.8287903104814421,0.10075054849637416,0.7243014078080894,1.671526978973768,1.2737577248170033,1.3091129855170422
1.3699287952967538,-0.1997087086344228,-0.43739487631109325,-0.23412196673049046,0.24344525045884025,-1.2963764054828941,1.1034406595428397,0.7518677624402494
-1.2423929916581897,1.318526310018696,1.0482944949650983,-0.5113300991841269,-0.9047129629578162,1.387063395799008,-0.7665244233871609,-1.2947243766984626
1.1103480730842776,-0.5060335300800983,-0.1927044941963804,-1.4038611021819212,-1.2166703368809595,0.6379759601054734,0.941344477330807,-0.9320256559825719
-0.6976760313733424,-1.6224082078720898,-0.07009517282324464,1.4367195247119418,-0.5184577463848724,-0.736931358572533,-0.6643979052012952,-0.10692428299845025
0.6242032888154952,-0.1877056936139161,-1.6227303434570333,-0.902253951055987,-0.5537225834643049,-1.2300015694087836,-0.030791580976994193,-0.5887389676380891
-0.2735004028015266,0.9690778165320584,1.3348392555353836,0.41189479133817536,-0.3011418753486041,0.012156077121001509,0.2422736135067036,0.1129978521680129
-0.2658945246439815,-1.4844369727581894,-1.1549474576767875,1.4232573470353103,0.16452842579239205,1.6810090984129265,-0.663906720518708,0.484071650998696
-1.0561154206237338,-1.2964598635597557,0.1724277851380322,0.2701356152879082,0.03610683152093578,-0.6895207613767397,-0.9105143598578723,-0.6072038229275926
1.6580573670804502,-0.4356591086415572,1.6464239730497734,-1.0257569420881487,-0.8119968767365385,-0.7464134780116917,2.131096439193545,-0.04835411043973282
-0.43366692673768953,-0.0905026276859788,-1.0842083748758544,0.10851895766100754,0.5963398756665199,0.5052262879572521,-0.7984908579106852,0.07536113304241415
1.159216065649326,0.8945786308623531,1.0463605262552274,0.3795042191310236,0.9462495232349387,1.4344739929948012,1.4639536054089317,1.61736523482623
1.6425912157679572,0.7924562488683528,1.5889064561983084,1.00831677141135,1.7352130401267198,-0.24386114773628242,2.1178957939561034,2.728218715751871
0.6467514402264637,1.0924743709019622,-0.006899764296244081,-0.21089807505747843,-0.8434560171394297,-1.46705455538775,0.590635092172527,-0.07807527515652275
-1.6552016940496028,-0.4599611622803355,1.3063145664076592,1.6103439879295496,-0.6916790882501924,0.012156077121001509,-1.0395518406751332,-0.4271489848986924
0.3589880688676342,-0.848230911318013,1.1585480546923053,-0.4038926735182103,-1.2929848920212186,-1.4291260776311154,0.752268723737676,-0.8101714493007628
0.3557440835554568,-1.5297362010441447,0.6544159856293398,-0.9115168800988,1.2821852534613054,0.3061017797349201,0.5698962998550203,0.25005531365723843
0.30936473224986594,1.441791916343687,0.8901085805184026,1.5483864847016868,-1.5847470115639535,0.09749515207342949,0.618106706041678,0.40649701368803437
-0.8387492364690073,1.1395038136575735,-0.5741092076807865,-1.6124636532475487,-0.7053288309474315,-0.5852174475459944,-0.9991626434989896,-1.6934347833367738
-0.7168777790683686,-0.29331324299002814,-1.5504456507130595,0.5522330923803146,1.2957811861546091,0.789689871132012,-1.2271654039621642,0.5097806798009847
-1.2520712990169558,-0.8285432130719027,0.5651582234982302,-0.9214494454825145,-1.6774771572585647,0.41988721300482407,-0.9600492105791228,-2.2976443499484986
-1.0563041837828133,0.6798908014157601,0.10331145791376062,0.4571999331912876,0.514183406225986,-0.3386823421278691,-0.932786474555876,0.0383817584966691
0.6228919184839088,-1.1930136689178759,-1.2406126655636174,1.5572261329001555,0.16114224648022663,-1.0119128223081342,0.12637684355697124,1.1117858847360067
-1.2610593981397495,0.11119562007849686,1.198539715558412,-1.0861345938995615,1.297661985623582,-1.3722333609961634,-0.7232197492778871,-0.5289583265810665
-0.7290470705260264,-0.9578964333366087,0.8928286820103571,1.364076574336293,0.25564766361296,1.4249918735556426,-0.33461952746868867,0.4227785138402495
-0.713726091938001,0.2942488676779136,1.0187444134786665,0.7283975826140359,0.04043521346056574,-0.8981273890382303,-0.2782269305559378,0.12265944965100137
0.22241850323327786,-1.5038165622681294,0.9075142651051638,-0.476995867218307,0.2943740720957438,-1.1541446138955143,0.5389687566750755,-0.12655798718647865
0.8688264919048417,-0.06429231028370949,-0.18838854027483104,-0.7069407638758222,-0.8563973670697165,1.2448316042116279,0.7254521269248746,-0.4076423152903936
-0.5645951766038715,-1.4540158528972793,1.1254956959228353,-1.1353065352907055,-1.5785812391923393,0.8750289460844399,-0.11879371924845682,-2.015008674195799
0.3286854537054044,0.7889792339059913,1.647815876977045,-1.4777254557180786,1.6022016972742474,0.42936933244398273,0.9106059979221064,0.4669085045256673
1.5385473978688815,1.4794029172253447,-1.1586843039140329,-0.7747314167220369,1.148260739479604,-0.8886452695990716,0.9933345192149425,1.2457631079812708
-1.5862137996934182,-0.7172515943749138,0.3053899318141321,0.23281432470578825,-0.45908167467439637,0.3629944963698721,-1.3531294448020301,-1.134681039726852
0.730848274188003,0.5930992537441383,-0.4589999140297718,0.9371187777749066,1.4242960025706746,-0.044736639513950474,0.5168011177577704,1.8317815583896089
1.4254384268353402,0.8672416636556295,1.0626072885123312,-0.3072114465453595,-0.35684123209598084,0.9034753044019159,1.7067070053251376,0.6309951697661237
0.8240346802750897,-0.9171132408633409,-1.6480663022853366,-0.8008719186451264,1.4880918228354094,-1.0308770611864515,0.15293647194033863,0.6541101214858737
0.28842151235145685,0.6339599082728136,-0.35934621705881215,-0.4116212203127774,-0.9574554110630449,-1.3248227638003702,0.12755332785891715,-0.5499812160546941
0.10954679634168299,-1.0507571157239504,-1.7029005589489836,-1.4800633686872162,-0.6899289556085035,0.7802077516928533,-0.540049026430321,-1.419453950474807
-1.5015278930132812,-0.2551652750963478,1.630158735504929,0.6569844822565345,-1.467702893315303,-1.3627512415570049,-0.786504119912833,-1.2804341325543236
-0.360143745040493,-0.08729840178583394,1.4016547152328316,-1.3095357434492865,-1.5072167665196838,0.7233150350579013,0.1717539152678078,-1.7525166620133146
-1.200324217298893,0.008234461009616084,-1.5031584958507371,-1.4966735750963374,1.4682434520563765,-1.2679300471654182,-1.6676719570770813,-0.80145325676106
0.5443784535724246,0.4938152793160403,1.300762634780521,-1.1670091588024691,0.08897570180293307,-0.8127883140858023,0.977372169823322,-0.15632447108423533
0.008111718813919373,1.4516022788802698,-1.2501652063261683,-1.1280686425606545,-1.5156566723448035,-1.6472148247317648,-0.4669791489671615,-1.3832254237791475
1.4625678416646375,1.5394861131667197,-1.187945882588625,-0.5447040783491361,-1.3071785785419674,1.2922422014074213,0.904013273797071,-0.06640760194796182
0.09788479328428117,1.57799203326532,0.926659127925033,0.30472465862999176,1.5372922581576125,-1.0688055389430862,0.4412383295329758,1.380108515845186
0.11689978799222735,-1.1285587254079115,1.54219963897234,-0.4083070012644097,-1.4827975434081373,0.761243512814536,0.6696062385410947,-1.0784532682749775
-0.6735294448791359,-0.7374056718697853,0.034275606020923825,0.6923670570298338,1.5572054162604732,0.9982964987935026,-0.5995107646980078,0.7964047567670143
-1.3908518798531142,-1.651911294245458,-1.34817994998829,0.044552471203949735,-1.0390457318235857,-0.6705565224984223,-1.7875674748559902,-1.6836488428143495
0.4864846943149233,-1.2948314157675396,0.4079555361833597,-1.63599845834324,-1.426915714036917,-0.016290281196474483,0.5846587416399998,-1.6215104958012003
-0.2971790596718322,-1.0100283030780526,1.5582257140570863,0.46665016429620415,0.24587915142749994,-1.523947272022702,0.3049982386499303,0.1873067976452002
-1.118528733054609,0.3704997235431661,-0.06308722234254911,0.3661226731374181,-1.1382241179080035,0.5621190045922041,-1.0589151995718211,-1.047871982034975
1.4120160924515754,-1.1621480516002751,-1.4824478832137746,-1.3810460868494367,0.08531295387737915,1.387063395799008,0.7483536465609312,-0.16171625909501053
-0.5262221781788793,-0.6683969923354475,-1.2971364034931114,-0.6035541233071291,0.5896779880203513,0.761243512814536,-0.9670841488205175,-0.48069315715978506
-1.4262755441622694,1.0300806796557576,-1.279574878874439,1.6432742005025172,-0.26412499726735317,-0.6610744030592637,-1.7818005185574184,0.022744134775645162
-1.6631475056898624,-1.320455826523593,-0.9421748402499069,-0.4463663635166936,-0.7155938900014956,0.13542362983006415,-1.8905803700168826,-1.86935086286208
1.2198849458785193,0.9519095249132383,-0.7837498168046888,1.438951106774855,-0.3161316468846322,1.2922422014074213,0.8447279781769133,1.4374818540972472
-0.8252449983226386,-1.1406580088408327,-0.6389866854797939,-0.19546882547696826,0.5920438935993291,-1.2110373305304662,-0.99771683840988,-0.44642035587644124
0.3413154717378702,-0.2851594945378009,-0.7128904822470601,0.8193967305028522,1.4067928809865184,0.2017984659041748,0.062100051271306037,1.3929887491813102
1.084204333689016,-0.18225954715361248,0.6402094328477862,0.6162904464095689,-1.5699059956522015,0.25869118253912676,1.2357290295327317,0.09825049405963196
1.5769573316843202,0.11944662666471778,-0.8791793021843585,1.069706861986328,1.0860250641360112,-1.021394941747293,1.1424831884545867,2.1185322330783416
1.4522429814770585,1.0889878383844016,0.28006534373171993,-1.152973581585737,0.26110536136368523,-0.8696810307207543,1.4396656269837298,0.5015011797172553
-1.3139376311521422,-0.16720240186337523,0.6968853641211034,-0.9291431680815021,0.5902516878679867,0.6664223184229493,-0.9594542539815772,-0.9420487964514295
-0.9496599141891877,-0.925021457174156,0.704511000736803,1.1594577516908193,-0.7216891808736745,-0.15852207278385444,-0.613107189912059,-0.388950939391134
1.2769110853851937,0.9564583999509597,-1.6357699092635984,0.8596597321332284,0.6915666179328938,-1.6187684664142887,0.5829821734640402,1.6675790094003178
-1.6475133779316085,0.9018857684272389,1.4307386894252296,1.2136829205569186,-0.05446835371280619,0.7517613933753773,-0.9859626139768074,-0.09210767011495849
1.6280469664619208,-1.4726015742667486,0.365270288315027,-0.7421868100430269,-1.1787349122110793,0.8276183488886466,1.6297304668333115,-0.32913170331341807
-1.1655798525666712,-0.6561017026185408,-0.23952778042413844,1.5407226507293355,1.163088008229386,0.4957441685180934,-1.1518364809245294,0.7641563871832414
1.5738257546356471,0.3454543488718539,1.1859860432295124,1.2467881624872288,0.31647397920633624,-0.1964505505404891,1.9011214036844046,1.9279632174081707
1.3611627755149558,1.523040510532598,1.5609917792548735,0.46879987984413735,-1.3853716711394113,-0.1205935950272198,1.8322554615739755,0.5666067975245903
-1.2981863746800506,-1.6320507664943653,0.26868891816013685,1.5761241233817889,1.2987839798541132,-0.21541478941880643,-1.0859480072018275,0.6814217357789356
1.6128359998721382,0.71498756944535,-1.3059028990888464,-0.5792405363692528,-1.444185464206055,-0.6136638058634704,0.9982938345300935,-0.19603145160205168
0.7636812019622788,0.4883834630747871,1.5904478066644792,1.6316130245111204,-0.5329770841429594,-0.11111147558806113,1.301150488451621,1.2321357417213146
-1.3439525452317174,-1.631141853024585,-0.2872621563951314,0.5718873416250986,-0.9689745489295502,0.6379759601054734,-1.3486339071655782,-1.2501915694470178
1.3907240571076105,-1.0922766111239113,-0.7570102621285643,1.19629605932117,-0.6841681374390488,-0.8033061946466437,1.0090790235855132,0.9109391100408646
-0.4783327969377304,1.080649732990807,-0.3425906000297059,-0.11155600753317403,-0.9175277453573374,0.21128058534333347,-0.5725841198880689,-0.7409075634265672
0.43012775840667095,-0.2791498445188885,0.5719464232451625,0.7893318355109392,-0.4918692362203324,-1.135180375017197,0.6114745335994606,0.41585702441664746
-0.8938800463052269,0.6201721266705166,-1.5781765823793306,1.1545678856756074,-1.721538371112843,1.1594925292592,-1.4090666912252394,-0.8538467583825662
1.5879654372990422,0.9230792873141828,-1.6099451203560329,-0.21453311957989554,-0.34244704392567277,-0.26282538661459975,0.8694647728874731,0.6395446840799544
-0.9518005633224261,-1.6010973517992169,-1.2499976850057128,-0.47989674622082856,-1.0488493667980217,-1.5903221080968128,-1.348778104466384,-1.7205394802614127
0.7045336051381608,0.4676024891684813,-1.2766946962177808,0.5982594567868396,-1.1056464449120273,0.44833357132230006,0.1781899378050096,0.10954800633678273
-1.1004490129096933,-1.0791190278968723,0.437656993520746,-1.2193340453819566,-1.030722830001826,-0.992948583429817,-0.8663767862865074,-2.0507803115184475
-1.071323206874374,-1.2879701384309898,0.3396167030916239,0.23385033090745733,-1.5537583579284,1.4629203513122773,-0.8692383933082884,-1.5362686558250467
1.4486187154087005,-1.600439868213221,0.5156752861432973,0.15813575696195703,-0.058217939442382356,0.44833357132230006,1.5292768418983447,0.7140388217608659
-0.5804163119325443,1.1132471060066103,0.45343663759083075,1.5252019713412959,-0.8853709691165937,-0.1395578339055371,-0.36280696336612195,0.2046995158326268
-1.634165700965741,-0.46174683019319374,-0.3784393544829826,0.14387173459014188,1.610038636243336,-0.6136638058634704,-1.6425394099390562,-0.03371607759096687
-0.7469792709959618,0.35339855788007896,0.17313720979753422,0.915302575752014,-0.531852199520015,-0.7179671196942157,-0.6226973253987416,-0.1585279551031767
0.35390066603634224,-1.298791040964223,1.5640241342644734,-0.01085991420869036,0.6405279900267051,0.9319216627193919,0.9073098412719492,0.48091310506186097
-1.4914655985716687,0.40283779014436083,-1.698169749728805,1.1535730875333479,1.374719486561416,-0.6421101641809464,-1.9933535998415663,0.5333367099360352
0.32212525695450944,-0.6246717070175855,-0.13675104851314915,0.32413840526201193,-0.9906917173628388,0.9129574238410746,0.2449026300051863,-0.28694478566077497
-0.534305938642754,-1.0988623253899188,-0.22285017197001775,1.1943188157522542,1.6855073628769037,0.2681733019782854,-0.5625581658507414,1.1740231819903422
0.6660289126837092,-0.4342557620884904,-1.0392470132498666,1.4213249958121337,0.007443839167304055,-0.9265737473557063,0.23944018490209407,1.0861710473206796
-0.12951427933429605,0.3248290045137448,0.550817245841703,1.1106515201550218,0.8559211088734183,0.2966196602957614,0.09399245541038989,1.1259195026722169
-0.41130633296770613,1.1565592797583337,1.697015072770374,0.719600459938757,-0.13926168380351173,1.5387773068255466,0.2513539062380104,0.34783406239894193
-0.3356693255739237,0.5496867765978697,-0.9294134783088832,0.29304585568351377,-0.8299323641464805,0.7233150350579013,-0.6551140100134268,-0.482469046484509
-1.1442258911939187,0.12059802298726321,-0.08973289678738802,-0.24862284093576892,0.5186854643280163,1.3206885597248972,-1.089662990137693,-0.5013179030789437
-1.211971487417847,0.9365315946888253,-1.556402257971859,-1.51354034681621,1.3452812812111528,1.4060276346773253,-1.698482891677879,-0.7650405282051077
0.27862524741518624,1.4235533832631009,-1.3012042125105334,1.532305572927102,-1.2378539128597628,-0.7179671196942157,-0.21912529118860716,0.44835178147555227
-0.8507250018395776,0.6887830171322323,0.5595974135268075,1.0439039968366346,0.7203707864307424,-1.6472148247317648,-0.5698966682736172,0.6395690201345404
-0.816659707837771,-0.15593498815362614,1.6479838374979672,-1.6747705825013712,0.2143405204060124,1.2827600819682625,-0.15431917533550957,-1.2369886201517988
-0.031221659057115176,0.14556801500272326,0.931115040038629,-0.7853386819230639,1.7045389472661319,-0.48091413371524905,0.31749353541462905,0.5824386578123352
1.7216551222359644,0.5498356798712329,1.2651530782884846,1.0911129101460237,-0.03593996023968504,-0.0637008783922678,2.0646991734620532,1.7557741698337481
-0.7957557663762337,1.6045297205080793,1.1464421921791212,-1.2742928821208563,-0.855745375559527,1.3680991569206906,-0.32186198850723585,-1.3979440253734756
0.4217888028376375,1.047680085789761,-1.5143011608451669,-0.5416383086376841,-1.1152194368291621,0.16386998814754014,-0.177501488435181,-0.6476019247939976
-1.5241184595450867,-0.0929370471650266,0.5113700596060254,-1.4485669135987136,1.3807265598911516,-1.5144651525835435,-1.2221472905787956,-0.9097567252973842
0.12823861983187188,-0.6162916901087316,0.10663624504964639,1.21454411673864,0.6108621197454887,-1.1731088527738316,0.16733633759755073,1.0414820153242994
0.7322932103272674,-0.5259346231866521,1.005441788285148,-0.6422703258827202,0.7885544227035389,0.7138329156187426,1.047421178126101,0.4980029594855347
-1.5538372297561942,0.8492721157308427,-0.9691050311530947,-0.4739329780804151,-1.2142482649944322,0.7138329156187426,-1.8011705463832215,-1.8131321224419952
0.18252706738730087,-0.8464625123771321,-1.2234346114481773,-0.2765100306955621,-1.5877246636087992,-0.4335035365194557,-0.2917545471120762,-1.1469684333126386
1.2359278227604553,-1.3344202720240825,0.5741066778138584,0.4025298618947641,-0.5400005020278098,-1.0498413000647688,1.3539899516044178,0.4935180298035232
-1.2012780676893664,-0.7179345192385116,0.19881833737286864,-0.20118372647941504,-0.8845600556412716,0.8750289460844399,-1.0411466984138595,-1.4082916092211124
1.6178287892807381,1.0624451032588342,0.6878940220803602,-1.6833175893134324,1.3291692359136336,-1.0972518972605623,1.7444837104068538,0.9263423437401123
-1.2720882166487666,0.5200185207104131,-0.34635780622495355,0.5527015348248288,0.19005740825031534,0.18283422702585747,-1.2991275053389946,-0.2662794281622926
-0.4194420818349371,1.0916153226342584,0.5119693727120138,-0.1622358367925884,0.07100936105990908,1.557741545703864,-0.19865591048066344,-0.11846555889050758
1.0549583884641767,-0.9073033698090115,0.8301695796435627,1.2326033585165759,-0.3231753367490176,-0.6895207613767397,1.287324233141401,1.0598537021501773
-0.3668535361978095,1.459014304469825,0.6615168154253068,1.3202014062135974,0.8890394451269954,1.0836355737459307,-0.08271485596127852,1.2871036761863694
1.3937376385485694,0.2573352517595839,1.393284500141502,1.4786772005586513,1.32123598582743,-1.5713578692184955,1.8166942911349018,2.530885611924328
1.0727183429098321,-0.6226027214639696,0.27464752009237026,1.3578350600847087,0.22244787077437173,-0.31971810324955174,1.1013202996302605,1.4607520842875983
0.843133746745476,0.9164250735832674,1.6346129741693511,1.674018418707457,0.17625201447965605,-1.4196439581919569,1.3940278621234963,1.7696256658544467
0.2848761149028637,-1.540626809285172,-1.6344987835924727,-0.4538152852477095,0.5152823680595502,0.4957441685180934,-0.34208184356962124,-0.10290859668915385
0.4447942925942493,-0.45803242867776406,-1.0297864181243293,0.406752256994136,0.7006322505274867,0.9224395432802333,0.03528305535758219,0.7710960489789634
-0.1931732638628641,0.7538314228796976,-0.5081576183302059,-1.166065729326451,1.1589616698068304,-0.2723075060537584,-0.368465942535363,-0.042867352294301275
1.1335981599501648,-0.38535672144278704,0.6099725506853252,-1.3053854074509572,-0.5181133317200464,1.6241163817779745,1.2629290354302622,-0.39917434356392734
1.044310863490733,-0.5737739835219868,-1.3374484840761645,-0.42187012014826586,1.167027122687179,-0.736931358572533,0.47232429006709353,0.8802597584460238
1.6995669700134453,0.02966035795632503,1.3002187155014333,0.03806791227256218,0.3844455446531574,1.1689746486983585,2.052570181109787,1.312564619806213
-0.24947853229196637,0.7409944560732563,-1.17087288594816,1.099073151123356,-0.7749449665166975,0.5241905268355694,-0.6597269835436104,0.07229438971213979
-0.8665662267318607,-0.034425738825809044,0.6037524021564056,-1.5906050497298416,1.167222742681954,-0.3576465810061864,-0.5821817030766271,-0.7164278433329796
-0.7517755244937118,-1.005006704969495,1.5284224949468679,-1.0777035885185682,-1.2622214466520372,-0.2248969088579651,-0.14107018081647596,-1.8255981794560638
-1.30950882094046,-0.5372210143575528,-0.36635006706485335,-0.19833433151173221,-1.626465170195471,0.09749515207342949,-1.3529382825074134,-1.9027702421714778
-1.355566591258433,1.1894374525011713,0.6542796657020994,-0.788346861927815,-1.5451931534163579,1.2637958430899452,-1.0209353051299979,-1.926309453824622
0.5044703039541545,-1.1641521012413476,0.5313565020265424,-1.6587626514180172,0.39031991440391206,1.5482594262647051,0.6539570006847464,-0.5586094096747392
-1.4861858621950905,-0.9975975890450163,-0.046494162665074557,0.7220660040646576,-0.2730934862177793,-1.523947272022702,-1.3872472756257037,-0.7486149581852367
-0.4598900534633106,0.1655445247024012,-0.8425962837187817,0.45434093109211465,-0.7457117178434057,-0.11111147558806113,-0.7365850777820927,-0.46168982424592886
0.7600318944885265,0.6391676349415375,0.7719208868391431,-0.9107053316068424,0.5011705868751825,1.4249918735556426,0.984271392966415,0.34113465670458243
-0.7005157254645511,1.6098850253129129,-0.36921632106426544,-0.1229388509148843,-1.259636269093992,0.9319216627193919,-0.7889836324977105,-1.002387675980985
1.3898866395754417,1.5361882414799897,0.009641203421107254,-0.8479784015265996,0.10941280032076643,0.6190117212271561,1.2833938012371529,0.5978892145540116
1.312786126125991,-0.5958538233457781,-0.6406785222302991,-0.42949540649004314,-0.8566243335458076,0.0026739576818428446,0.9699124711595132,-0.08877064435575573
0.41643829600773896,0.6519672285395911,1.5867228072663593,-0.7145784385617457,-0.2888420857687207,-1.6092863469751302,0.9661109191544516,-0.1503891451415896
0.1449799548979012,1.5710140595587374,0.06502047341624194,0.42287490112424053,-0.8516252494916166,-0.05421875895310914,0.15748559793650174,0.05638932959240535
-0.9984575396189835,-0.9361937825242443,0.05844560715428603,0.4177894666447414,0.6362041793616792,-1.6187684664142887,-0.8960615530185133,-0.1031168394607542
-0.2735480205082601,-0.3793105716430168,1.2211302424169037,0.813954859124694,1.6437128056370334,0.6000474823488388,0.20992191961167622,1.26635287233894
1.0928567030768315,0.643617859580937,-1.3705384563567926,-0.8280283691566533,0.5395121587673326,1.2637958430899452,0.5003513163057766,0.4807593160586998
0.9769849500583353,0.9225676986021428,1.254142793253257,1.132531568834735,0.45812163775707976,0.7422792739362186,1.3749447588844903,1.6781447713834274
0.7216400261363155,-1.6334665468604603,-0.38868374712565046,-0.3532249570170504,-0.744783598637972,-0.7748598363291677,0.5175893873675194,-0.4524708452128536
-0.6024172580133584,1.2901100071933684,-1.1855997654260297,1.4813320998964552,0.18851131785315683,-1.2774121666045768,-0.9850475100152185,0.7106071809497325
